-- MySQL dump 10.13  Distrib 5.5.44, for debian-linux-gnu (x86_64)
--
-- Host: localhost    Database: pcshop
-- ------------------------------------------------------
-- Server version	5.5.44-0ubuntu0.14.04.1

/*!40101 SET @OLD_CHARACTER_SET_CLIENT=@@CHARACTER_SET_CLIENT */;
/*!40101 SET @OLD_CHARACTER_SET_RESULTS=@@CHARACTER_SET_RESULTS */;
/*!40101 SET @OLD_COLLATION_CONNECTION=@@COLLATION_CONNECTION */;
/*!40101 SET NAMES utf8 */;
/*!40103 SET @OLD_TIME_ZONE=@@TIME_ZONE */;
/*!40103 SET TIME_ZONE='+00:00' */;
/*!40014 SET @OLD_UNIQUE_CHECKS=@@UNIQUE_CHECKS, UNIQUE_CHECKS=0 */;
/*!40014 SET @OLD_FOREIGN_KEY_CHECKS=@@FOREIGN_KEY_CHECKS, FOREIGN_KEY_CHECKS=0 */;
/*!40101 SET @OLD_SQL_MODE=@@SQL_MODE, SQL_MODE='NO_AUTO_VALUE_ON_ZERO' */;
/*!40111 SET @OLD_SQL_NOTES=@@SQL_NOTES, SQL_NOTES=0 */;

--
-- Table structure for table `auth_group`
--

DROP TABLE IF EXISTS `auth_group`;
/*!40101 SET @saved_cs_client     = @@character_set_client */;
/*!40101 SET character_set_client = utf8 */;
CREATE TABLE `auth_group` (
  `id` int(11) NOT NULL AUTO_INCREMENT,
  `name` varchar(80) COLLATE utf8_unicode_ci NOT NULL,
  PRIMARY KEY (`id`),
  UNIQUE KEY `name` (`name`)
) ENGINE=InnoDB DEFAULT CHARSET=utf8 COLLATE=utf8_unicode_ci;
/*!40101 SET character_set_client = @saved_cs_client */;

--
-- Dumping data for table `auth_group`
--

LOCK TABLES `auth_group` WRITE;
/*!40000 ALTER TABLE `auth_group` DISABLE KEYS */;
/*!40000 ALTER TABLE `auth_group` ENABLE KEYS */;
UNLOCK TABLES;

--
-- Table structure for table `auth_group_permissions`
--

DROP TABLE IF EXISTS `auth_group_permissions`;
/*!40101 SET @saved_cs_client     = @@character_set_client */;
/*!40101 SET character_set_client = utf8 */;
CREATE TABLE `auth_group_permissions` (
  `id` int(11) NOT NULL AUTO_INCREMENT,
  `group_id` int(11) NOT NULL,
  `permission_id` int(11) NOT NULL,
  PRIMARY KEY (`id`),
  UNIQUE KEY `auth_group_permissions_group_id_0cd325b0_uniq` (`group_id`,`permission_id`),
  KEY `auth_group_permissi_permission_id_84c5c92e_fk_auth_permission_id` (`permission_id`),
  CONSTRAINT `auth_group_permissions_group_id_b120cbf9_fk_auth_group_id` FOREIGN KEY (`group_id`) REFERENCES `auth_group` (`id`),
  CONSTRAINT `auth_group_permissi_permission_id_84c5c92e_fk_auth_permission_id` FOREIGN KEY (`permission_id`) REFERENCES `auth_permission` (`id`)
) ENGINE=InnoDB DEFAULT CHARSET=utf8 COLLATE=utf8_unicode_ci;
/*!40101 SET character_set_client = @saved_cs_client */;

--
-- Dumping data for table `auth_group_permissions`
--

LOCK TABLES `auth_group_permissions` WRITE;
/*!40000 ALTER TABLE `auth_group_permissions` DISABLE KEYS */;
/*!40000 ALTER TABLE `auth_group_permissions` ENABLE KEYS */;
UNLOCK TABLES;

--
-- Table structure for table `auth_permission`
--

DROP TABLE IF EXISTS `auth_permission`;
/*!40101 SET @saved_cs_client     = @@character_set_client */;
/*!40101 SET character_set_client = utf8 */;
CREATE TABLE `auth_permission` (
  `id` int(11) NOT NULL AUTO_INCREMENT,
  `name` varchar(255) COLLATE utf8_unicode_ci NOT NULL,
  `content_type_id` int(11) NOT NULL,
  `codename` varchar(100) COLLATE utf8_unicode_ci NOT NULL,
  PRIMARY KEY (`id`),
  UNIQUE KEY `auth_permission_content_type_id_01ab375a_uniq` (`content_type_id`,`codename`),
  CONSTRAINT `auth_permissi_content_type_id_2f476e4b_fk_django_content_type_id` FOREIGN KEY (`content_type_id`) REFERENCES `django_content_type` (`id`)
) ENGINE=InnoDB AUTO_INCREMENT=28 DEFAULT CHARSET=utf8 COLLATE=utf8_unicode_ci;
/*!40101 SET character_set_client = @saved_cs_client */;

--
-- Dumping data for table `auth_permission`
--

LOCK TABLES `auth_permission` WRITE;
/*!40000 ALTER TABLE `auth_permission` DISABLE KEYS */;
INSERT INTO `auth_permission` VALUES (1,'Can add permission',1,'add_permission'),(2,'Can change permission',1,'change_permission'),(3,'Can delete permission',1,'delete_permission'),(4,'Can add group',2,'add_group'),(5,'Can change group',2,'change_group'),(6,'Can delete group',2,'delete_group'),(7,'Can add user',3,'add_user'),(8,'Can change user',3,'change_user'),(9,'Can delete user',3,'delete_user'),(10,'Can add content type',4,'add_contenttype'),(11,'Can change content type',4,'change_contenttype'),(12,'Can delete content type',4,'delete_contenttype'),(13,'Can add session',5,'add_session'),(14,'Can change session',5,'change_session'),(15,'Can delete session',5,'delete_session'),(16,'Can add category',6,'add_category'),(17,'Can change category',6,'change_category'),(18,'Can delete category',6,'delete_category'),(19,'Can add catalogue',7,'add_catalogue'),(20,'Can change catalogue',7,'change_catalogue'),(21,'Can delete catalogue',7,'delete_catalogue'),(22,'Can add Post',8,'add_post'),(23,'Can change Post',8,'change_post'),(24,'Can delete Post',8,'delete_post'),(25,'Can add product',9,'add_product'),(26,'Can change product',9,'change_product'),(27,'Can delete product',9,'delete_product');
/*!40000 ALTER TABLE `auth_permission` ENABLE KEYS */;
UNLOCK TABLES;

--
-- Table structure for table `auth_user`
--

DROP TABLE IF EXISTS `auth_user`;
/*!40101 SET @saved_cs_client     = @@character_set_client */;
/*!40101 SET character_set_client = utf8 */;
CREATE TABLE `auth_user` (
  `id` int(11) NOT NULL AUTO_INCREMENT,
  `password` varchar(128) COLLATE utf8_unicode_ci NOT NULL,
  `last_login` datetime DEFAULT NULL,
  `is_superuser` tinyint(1) NOT NULL,
  `username` varchar(30) COLLATE utf8_unicode_ci NOT NULL,
  `first_name` varchar(30) COLLATE utf8_unicode_ci NOT NULL,
  `last_name` varchar(30) COLLATE utf8_unicode_ci NOT NULL,
  `email` varchar(254) COLLATE utf8_unicode_ci NOT NULL,
  `is_staff` tinyint(1) NOT NULL,
  `is_active` tinyint(1) NOT NULL,
  `date_joined` datetime NOT NULL,
  PRIMARY KEY (`id`),
  UNIQUE KEY `username` (`username`)
) ENGINE=InnoDB AUTO_INCREMENT=2 DEFAULT CHARSET=utf8 COLLATE=utf8_unicode_ci;
/*!40101 SET character_set_client = @saved_cs_client */;

--
-- Dumping data for table `auth_user`
--

LOCK TABLES `auth_user` WRITE;
/*!40000 ALTER TABLE `auth_user` DISABLE KEYS */;
INSERT INTO `auth_user` VALUES (1,'pbkdf2_sha256$24000$1MXd0KoL1n0I$pWj/d2TQvE+IcqLytwV7rxCKc2K3O036jnxcKBvaVzQ=','2016-02-19 08:53:16',1,'tuanquanghpvn','','','tuanquanghpvn@gmail.com',1,1,'2016-02-18 08:15:34');
/*!40000 ALTER TABLE `auth_user` ENABLE KEYS */;
UNLOCK TABLES;

--
-- Table structure for table `auth_user_groups`
--

DROP TABLE IF EXISTS `auth_user_groups`;
/*!40101 SET @saved_cs_client     = @@character_set_client */;
/*!40101 SET character_set_client = utf8 */;
CREATE TABLE `auth_user_groups` (
  `id` int(11) NOT NULL AUTO_INCREMENT,
  `user_id` int(11) NOT NULL,
  `group_id` int(11) NOT NULL,
  PRIMARY KEY (`id`),
  UNIQUE KEY `auth_user_groups_user_id_94350c0c_uniq` (`user_id`,`group_id`),
  KEY `auth_user_groups_group_id_97559544_fk_auth_group_id` (`group_id`),
  CONSTRAINT `auth_user_groups_group_id_97559544_fk_auth_group_id` FOREIGN KEY (`group_id`) REFERENCES `auth_group` (`id`),
  CONSTRAINT `auth_user_groups_user_id_6a12ed8b_fk_auth_user_id` FOREIGN KEY (`user_id`) REFERENCES `auth_user` (`id`)
) ENGINE=InnoDB DEFAULT CHARSET=utf8 COLLATE=utf8_unicode_ci;
/*!40101 SET character_set_client = @saved_cs_client */;

--
-- Dumping data for table `auth_user_groups`
--

LOCK TABLES `auth_user_groups` WRITE;
/*!40000 ALTER TABLE `auth_user_groups` DISABLE KEYS */;
/*!40000 ALTER TABLE `auth_user_groups` ENABLE KEYS */;
UNLOCK TABLES;

--
-- Table structure for table `auth_user_user_permissions`
--

DROP TABLE IF EXISTS `auth_user_user_permissions`;
/*!40101 SET @saved_cs_client     = @@character_set_client */;
/*!40101 SET character_set_client = utf8 */;
CREATE TABLE `auth_user_user_permissions` (
  `id` int(11) NOT NULL AUTO_INCREMENT,
  `user_id` int(11) NOT NULL,
  `permission_id` int(11) NOT NULL,
  PRIMARY KEY (`id`),
  UNIQUE KEY `auth_user_user_permissions_user_id_14a6b632_uniq` (`user_id`,`permission_id`),
  KEY `auth_user_user_perm_permission_id_1fbb5f2c_fk_auth_permission_id` (`permission_id`),
  CONSTRAINT `auth_user_user_permissions_user_id_a95ead1b_fk_auth_user_id` FOREIGN KEY (`user_id`) REFERENCES `auth_user` (`id`),
  CONSTRAINT `auth_user_user_perm_permission_id_1fbb5f2c_fk_auth_permission_id` FOREIGN KEY (`permission_id`) REFERENCES `auth_permission` (`id`)
) ENGINE=InnoDB DEFAULT CHARSET=utf8 COLLATE=utf8_unicode_ci;
/*!40101 SET character_set_client = @saved_cs_client */;

--
-- Dumping data for table `auth_user_user_permissions`
--

LOCK TABLES `auth_user_user_permissions` WRITE;
/*!40000 ALTER TABLE `auth_user_user_permissions` DISABLE KEYS */;
/*!40000 ALTER TABLE `auth_user_user_permissions` ENABLE KEYS */;
UNLOCK TABLES;

--
-- Table structure for table `catalogue`
--

DROP TABLE IF EXISTS `catalogue`;
/*!40101 SET @saved_cs_client     = @@character_set_client */;
/*!40101 SET character_set_client = utf8 */;
CREATE TABLE `catalogue` (
  `id` int(11) NOT NULL AUTO_INCREMENT,
  `name` varchar(255) COLLATE utf8_unicode_ci NOT NULL,
  `slug` varchar(255) COLLATE utf8_unicode_ci NOT NULL,
  `description` longtext COLLATE utf8_unicode_ci NOT NULL,
  `created_date` datetime NOT NULL,
  `modified_date` datetime NOT NULL,
  `parent_id` int(11) DEFAULT NULL,
  PRIMARY KEY (`id`),
  KEY `catalogue_parent_id_04dd888d_fk_catalogue_id` (`parent_id`),
  KEY `catalogue_2dbcba41` (`slug`),
  CONSTRAINT `catalogue_parent_id_04dd888d_fk_catalogue_id` FOREIGN KEY (`parent_id`) REFERENCES `catalogue` (`id`)
) ENGINE=InnoDB AUTO_INCREMENT=11 DEFAULT CHARSET=utf8 COLLATE=utf8_unicode_ci;
/*!40101 SET character_set_client = @saved_cs_client */;

--
-- Dumping data for table `catalogue`
--

LOCK TABLES `catalogue` WRITE;
/*!40000 ALTER TABLE `catalogue` DISABLE KEYS */;
INSERT INTO `catalogue` VALUES (1,'Máy tính PC','may-tinh-pc','','2016-02-18 08:17:27','2016-02-18 08:17:27',NULL),(2,'Máy đồng bộ','may-dong-bo','','2016-02-18 08:17:40','2016-02-18 08:17:40',1),(3,'PC all in one','pc-all-in-one','','2016-02-18 08:17:54','2016-02-18 08:17:54',1),(4,'PC Gaming Pro','pc-gaming-pro','','2016-02-18 08:18:04','2016-02-18 08:18:04',1),(5,'Thiết bị lưu trữ - phụ kiện','thiet-bi-luu-tru-phu-kien','','2016-02-18 08:18:16','2016-02-18 08:18:16',NULL),(6,'Thiết bị văn phòng - mạng','thiet-bi-van-phong-mang','','2016-02-18 08:18:26','2016-02-18 08:18:26',NULL),(7,'Laptop, mobile, tablet','laptop-mobile-tablet','','2016-02-18 08:18:38','2016-02-18 08:18:38',NULL),(8,'Linh kiện máy tính','linh-kien-may-tinh','','2016-02-18 08:18:48','2016-02-18 08:18:48',NULL),(9,'Thiết bị Game','thiet-bi-game','','2016-02-18 08:19:02','2016-02-18 08:19:02',NULL),(10,'PC Enterprise','pc-enterprise','','2016-02-18 09:28:19','2016-02-18 09:28:19',1);
/*!40000 ALTER TABLE `catalogue` ENABLE KEYS */;
UNLOCK TABLES;

--
-- Table structure for table `category`
--

DROP TABLE IF EXISTS `category`;
/*!40101 SET @saved_cs_client     = @@character_set_client */;
/*!40101 SET character_set_client = utf8 */;
CREATE TABLE `category` (
  `id` int(11) NOT NULL AUTO_INCREMENT,
  `name` varchar(255) COLLATE utf8_unicode_ci NOT NULL,
  `slug` varchar(255) COLLATE utf8_unicode_ci NOT NULL,
  `description` longtext COLLATE utf8_unicode_ci NOT NULL,
  `created_date` datetime NOT NULL,
  `modified_date` datetime NOT NULL,
  PRIMARY KEY (`id`),
  KEY `category_2dbcba41` (`slug`)
) ENGINE=InnoDB AUTO_INCREMENT=2 DEFAULT CHARSET=utf8 COLLATE=utf8_unicode_ci;
/*!40101 SET character_set_client = @saved_cs_client */;

--
-- Dumping data for table `category`
--

LOCK TABLES `category` WRITE;
/*!40000 ALTER TABLE `category` DISABLE KEYS */;
INSERT INTO `category` VALUES (1,'Tin công ty','tin-cong-ty','','2016-02-18 08:16:55','2016-02-18 08:16:55');
/*!40000 ALTER TABLE `category` ENABLE KEYS */;
UNLOCK TABLES;

--
-- Table structure for table `django_content_type`
--

DROP TABLE IF EXISTS `django_content_type`;
/*!40101 SET @saved_cs_client     = @@character_set_client */;
/*!40101 SET character_set_client = utf8 */;
CREATE TABLE `django_content_type` (
  `id` int(11) NOT NULL AUTO_INCREMENT,
  `app_label` varchar(100) COLLATE utf8_unicode_ci NOT NULL,
  `model` varchar(100) COLLATE utf8_unicode_ci NOT NULL,
  PRIMARY KEY (`id`),
  UNIQUE KEY `django_content_type_app_label_76bd3d3b_uniq` (`app_label`,`model`)
) ENGINE=InnoDB AUTO_INCREMENT=10 DEFAULT CHARSET=utf8 COLLATE=utf8_unicode_ci;
/*!40101 SET character_set_client = @saved_cs_client */;

--
-- Dumping data for table `django_content_type`
--

LOCK TABLES `django_content_type` WRITE;
/*!40000 ALTER TABLE `django_content_type` DISABLE KEYS */;
INSERT INTO `django_content_type` VALUES (2,'auth','group'),(1,'auth','permission'),(3,'auth','user'),(7,'catalogues','catalogue'),(6,'categories','category'),(4,'contenttypes','contenttype'),(8,'posts','post'),(9,'products','product'),(5,'sessions','session');
/*!40000 ALTER TABLE `django_content_type` ENABLE KEYS */;
UNLOCK TABLES;

--
-- Table structure for table `django_migrations`
--

DROP TABLE IF EXISTS `django_migrations`;
/*!40101 SET @saved_cs_client     = @@character_set_client */;
/*!40101 SET character_set_client = utf8 */;
CREATE TABLE `django_migrations` (
  `id` int(11) NOT NULL AUTO_INCREMENT,
  `app` varchar(255) COLLATE utf8_unicode_ci NOT NULL,
  `name` varchar(255) COLLATE utf8_unicode_ci NOT NULL,
  `applied` datetime NOT NULL,
  PRIMARY KEY (`id`)
) ENGINE=InnoDB AUTO_INCREMENT=21 DEFAULT CHARSET=utf8 COLLATE=utf8_unicode_ci;
/*!40101 SET character_set_client = @saved_cs_client */;

--
-- Dumping data for table `django_migrations`
--

LOCK TABLES `django_migrations` WRITE;
/*!40000 ALTER TABLE `django_migrations` DISABLE KEYS */;
INSERT INTO `django_migrations` VALUES (1,'contenttypes','0001_initial','2016-02-18 08:13:54'),(2,'contenttypes','0002_remove_content_type_name','2016-02-18 08:13:55'),(3,'auth','0001_initial','2016-02-18 08:13:58'),(4,'auth','0002_alter_permission_name_max_length','2016-02-18 08:13:59'),(5,'auth','0003_alter_user_email_max_length','2016-02-18 08:13:59'),(6,'auth','0004_alter_user_username_opts','2016-02-18 08:13:59'),(7,'auth','0005_alter_user_last_login_null','2016-02-18 08:14:00'),(8,'auth','0006_require_contenttypes_0002','2016-02-18 08:14:00'),(9,'auth','0007_alter_validators_add_error_messages','2016-02-18 08:14:00'),(10,'catalogues','0001_initial','2016-02-18 08:14:00'),(11,'categories','0001_initial','2016-02-18 08:14:01'),(12,'categories','0002_remove_category_type','2016-02-18 08:14:01'),(13,'posts','0001_initial','2016-02-18 08:14:02'),(14,'posts','0002_auto_20160215_0620','2016-02-18 08:14:02'),(15,'posts','0003_auto_20160215_0629','2016-02-18 08:14:02'),(16,'products','0001_initial','2016-02-18 08:14:02'),(17,'products','0002_auto_20160215_0620','2016-02-18 08:14:02'),(18,'products','0003_auto_20160215_0629','2016-02-18 08:14:02'),(19,'sessions','0001_initial','2016-02-18 08:14:03'),(20,'products','0004_auto_20160219_0845','2016-02-19 08:45:21');
/*!40000 ALTER TABLE `django_migrations` ENABLE KEYS */;
UNLOCK TABLES;

--
-- Table structure for table `django_session`
--

DROP TABLE IF EXISTS `django_session`;
/*!40101 SET @saved_cs_client     = @@character_set_client */;
/*!40101 SET character_set_client = utf8 */;
CREATE TABLE `django_session` (
  `session_key` varchar(40) COLLATE utf8_unicode_ci NOT NULL,
  `session_data` longtext COLLATE utf8_unicode_ci NOT NULL,
  `expire_date` datetime NOT NULL,
  PRIMARY KEY (`session_key`),
  KEY `django_session_de54fa62` (`expire_date`)
) ENGINE=InnoDB DEFAULT CHARSET=utf8 COLLATE=utf8_unicode_ci;
/*!40101 SET character_set_client = @saved_cs_client */;

--
-- Dumping data for table `django_session`
--

LOCK TABLES `django_session` WRITE;
/*!40000 ALTER TABLE `django_session` DISABLE KEYS */;
INSERT INTO `django_session` VALUES ('58166xmtipv1pmei9nt8r8je3iz8uw4p','ZmM0NzA2NmJmOWFjODc0NDA3OTczOWI2MmRiYzRkODJmMGU2NWM4Yzp7Il9hdXRoX3VzZXJfaWQiOiIxIiwiX2F1dGhfdXNlcl9iYWNrZW5kIjoiZGphbmdvLmNvbnRyaWIuYXV0aC5iYWNrZW5kcy5Nb2RlbEJhY2tlbmQiLCJfYXV0aF91c2VyX2hhc2giOiJiNjU5YjFkOTIyYmJmZDBjY2JkY2IxMDlkZWNkM2U3ZTQxNzAyZWU4In0=','2016-02-18 10:27:57'),('7geunltkwq9zrafwtv9elmh4heqek7hg','ZmM0NzA2NmJmOWFjODc0NDA3OTczOWI2MmRiYzRkODJmMGU2NWM4Yzp7Il9hdXRoX3VzZXJfaWQiOiIxIiwiX2F1dGhfdXNlcl9iYWNrZW5kIjoiZGphbmdvLmNvbnRyaWIuYXV0aC5iYWNrZW5kcy5Nb2RlbEJhY2tlbmQiLCJfYXV0aF91c2VyX2hhc2giOiJiNjU5YjFkOTIyYmJmZDBjY2JkY2IxMDlkZWNkM2U3ZTQxNzAyZWU4In0=','2016-02-18 10:52:26'),('dwgav7x0hl7x7zw6zvqstbw5ng289c54','ZmM0NzA2NmJmOWFjODc0NDA3OTczOWI2MmRiYzRkODJmMGU2NWM4Yzp7Il9hdXRoX3VzZXJfaWQiOiIxIiwiX2F1dGhfdXNlcl9iYWNrZW5kIjoiZGphbmdvLmNvbnRyaWIuYXV0aC5iYWNrZW5kcy5Nb2RlbEJhY2tlbmQiLCJfYXV0aF91c2VyX2hhc2giOiJiNjU5YjFkOTIyYmJmZDBjY2JkY2IxMDlkZWNkM2U3ZTQxNzAyZWU4In0=','2016-02-19 09:53:16'),('feicwwjfufb9nu5qlicuf1ulezt1rn2b','OWExNzg3OTA5MDEyN2NiNGRmYWFmZjNiNjAzM2NjOTc1NWY3YzIxNzp7Il9hdXRoX3VzZXJfaGFzaCI6ImI2NTliMWQ5MjJiYmZkMGNjYmRjYjEwOWRlY2QzZTdlNDE3MDJlZTgiLCJfYXV0aF91c2VyX2lkIjoiMSIsIl9hdXRoX3VzZXJfYmFja2VuZCI6ImRqYW5nby5jb250cmliLmF1dGguYmFja2VuZHMuTW9kZWxCYWNrZW5kIn0=','2016-02-19 03:03:19'),('he69j7j03bhqwbs236d8ctvv0bbf0myu','YmY5NGJmZDg0NDA1NmYyNWY1MDQ0YTE1MTA0MWJhZjY0YzZlZjQ4Zjp7Il9hdXRoX3VzZXJfYmFja2VuZCI6ImRqYW5nby5jb250cmliLmF1dGguYmFja2VuZHMuTW9kZWxCYWNrZW5kIiwiX2F1dGhfdXNlcl9pZCI6IjEiLCJfYXV0aF91c2VyX2hhc2giOiJiNjU5YjFkOTIyYmJmZDBjY2JkY2IxMDlkZWNkM2U3ZTQxNzAyZWU4In0=','2016-02-19 04:04:16'),('k4iinl7jswdrhg42bin503nzic74vph3','NTBhYmUzMjRkYTVjZDhhODY2Mzg4ODYyNmM4NmE1NDkyYmU5MWY2Mzp7Il9hdXRoX3VzZXJfaWQiOiIxIiwiX2F1dGhfdXNlcl9oYXNoIjoiYjY1OWIxZDkyMmJiZmQwY2NiZGNiMTA5ZGVjZDNlN2U0MTcwMmVlOCIsIl9hdXRoX3VzZXJfYmFja2VuZCI6ImRqYW5nby5jb250cmliLmF1dGguYmFja2VuZHMuTW9kZWxCYWNrZW5kIn0=','2016-02-18 11:10:56'),('ntfnzx6tz1783t637rr3rn5xa5x16f6d','ZmM0NzA2NmJmOWFjODc0NDA3OTczOWI2MmRiYzRkODJmMGU2NWM4Yzp7Il9hdXRoX3VzZXJfaWQiOiIxIiwiX2F1dGhfdXNlcl9iYWNrZW5kIjoiZGphbmdvLmNvbnRyaWIuYXV0aC5iYWNrZW5kcy5Nb2RlbEJhY2tlbmQiLCJfYXV0aF91c2VyX2hhc2giOiJiNjU5YjFkOTIyYmJmZDBjY2JkY2IxMDlkZWNkM2U3ZTQxNzAyZWU4In0=','2016-02-18 09:15:50'),('qy3bne4vevdkj3y19sobiz8bjcdsj3il','OWExNzg3OTA5MDEyN2NiNGRmYWFmZjNiNjAzM2NjOTc1NWY3YzIxNzp7Il9hdXRoX3VzZXJfaGFzaCI6ImI2NTliMWQ5MjJiYmZkMGNjYmRjYjEwOWRlY2QzZTdlNDE3MDJlZTgiLCJfYXV0aF91c2VyX2lkIjoiMSIsIl9hdXRoX3VzZXJfYmFja2VuZCI6ImRqYW5nby5jb250cmliLmF1dGguYmFja2VuZHMuTW9kZWxCYWNrZW5kIn0=','2016-02-19 08:07:48'),('wp8zwl2pn1spzh9k4umgf662farzo6bf','OWExNzg3OTA5MDEyN2NiNGRmYWFmZjNiNjAzM2NjOTc1NWY3YzIxNzp7Il9hdXRoX3VzZXJfaGFzaCI6ImI2NTliMWQ5MjJiYmZkMGNjYmRjYjEwOWRlY2QzZTdlNDE3MDJlZTgiLCJfYXV0aF91c2VyX2lkIjoiMSIsIl9hdXRoX3VzZXJfYmFja2VuZCI6ImRqYW5nby5jb250cmliLmF1dGguYmFja2VuZHMuTW9kZWxCYWNrZW5kIn0=','2016-02-19 01:57:12');
/*!40000 ALTER TABLE `django_session` ENABLE KEYS */;
UNLOCK TABLES;

--
-- Table structure for table `post`
--

DROP TABLE IF EXISTS `post`;
/*!40101 SET @saved_cs_client     = @@character_set_client */;
/*!40101 SET character_set_client = utf8 */;
CREATE TABLE `post` (
  `id` int(11) NOT NULL AUTO_INCREMENT,
  `name` varchar(255) COLLATE utf8_unicode_ci NOT NULL,
  `slug` varchar(255) COLLATE utf8_unicode_ci NOT NULL,
  `description` longtext COLLATE utf8_unicode_ci NOT NULL,
  `created_date` datetime NOT NULL,
  `modified_date` datetime NOT NULL,
  `image` varchar(500) COLLATE utf8_unicode_ci NOT NULL,
  `content` longtext COLLATE utf8_unicode_ci NOT NULL,
  `category_id` int(11) NOT NULL,
  PRIMARY KEY (`id`),
  KEY `post_2dbcba41` (`slug`),
  KEY `post_b583a629` (`category_id`),
  CONSTRAINT `post_category_id_475713ab_fk_category_id` FOREIGN KEY (`category_id`) REFERENCES `category` (`id`)
) ENGINE=InnoDB AUTO_INCREMENT=7 DEFAULT CHARSET=utf8 COLLATE=utf8_unicode_ci;
/*!40101 SET character_set_client = @saved_cs_client */;

--
-- Dumping data for table `post`
--

LOCK TABLES `post` WRITE;
/*!40000 ALTER TABLE `post` DISABLE KEYS */;
INSERT INTO `post` VALUES (1,'Kinh nghiệm mua Laptop new 100% không sợ bị luộc đồ','kinh-nghiem-mua-laptop-new-100-khong-so-bi-luoc-do','Ngày càng nhiều vụ kiện tụng và kêu ca mua phải máy kém chất lượng và khi đi đòi quyền lợi bảo hành tại nơi mua thì kg được giải quyết thỏa đáng, và cuối cùng thiệt hại vẫn là khách hàng','2016-02-19 02:04:41','2016-02-19 02:04:41','posts/anh1.jpg','<p>Ng&agrave;y c&agrave;ng nhiều vụ kiện tụng v&agrave; k&ecirc;u ca mua phải m&aacute;y k&eacute;m chất lượng v&agrave; khi đi đ&ograve;i quyền lợi bảo h&agrave;nh tại nơi mua th&igrave; kg được giải quyết thỏa đ&aacute;ng, v&agrave; cuối c&ugrave;ng thiệt hại vẫn l&agrave; kh&aacute;ch h&agrave;ng . v&agrave; cũng c&oacute; thể n&oacute;i l&agrave; lỗi một phần cũng do kh&aacute;ch h&agrave;ng thiếu th&ocirc;ng tin v&agrave; kinh nghiệm khi đi chọn mua sản phẩm n&ecirc;n mới dẫn tới sự việc sảy ra ngo&agrave;i &yacute; muốn của m&igrave;nh.</p>\r\n\r\n<p>&nbsp;</p>\r\n\r\n<p style=\"text-align: center;\"><span style=\"font-size:14px\"><img src=\"https://bizweb.dktcdn.net/100/027/105/files/anh1.jpg?v=1446449592523\" /></span></p>\r\n\r\n<p>B1: Y&ecirc;u cầu người b&aacute;n cam kết cấu h&igrave;nh phải c&ograve;n nguy&ecirc;n bản (c&oacute; nghĩa l&agrave; c&ograve;n nguy&ecirc;n bản của nh&agrave; sản xuất).</p>\r\n\r\n<p>B2: Kiểm tra ni&ecirc;m phong th&ugrave;ng h&agrave;ng (BP khuy&ecirc;n rằng Q&uacute;y kh&aacute;ch n&ecirc;n mua h&agrave;ng c&ograve;n NGUY&Ecirc;N NI&Ecirc;M PHONG, ở Việt Nam nếu h&agrave;ng KH&Ocirc;NG c&ograve;n NI&Ecirc;M PHONG v&igrave; bất cứ l&yacute; do g&igrave; th&igrave; c&oacute; tới 95% l&agrave; m&aacute;y CŨ). Trường hợp ni&ecirc;m phong đ&atilde; bị b&oacute;c Q&uacute;y kh&aacute;ch n&ecirc;n kiểm tra thật kỹ trước khi thanh to&aacute;n.</p>\r\n\r\n<p>B3: Kiểm tra c&aacute;c th&ocirc;ng tin in ngo&agrave;i th&ugrave;ng: Đối với Toshiba, HP, IBM kiểm tra Model m&aacute;y, Part Number, Số serial, made in... v.v... (nếu ni&ecirc;m phong th&ugrave;ng m&aacute;y bị b&oacute;c th&igrave; nhất thiết ni&ecirc;m phong d&aacute;n b&ecirc;n ngo&agrave;i t&uacute;i nylon bọc m&aacute;y phải c&ograve;n, ni&ecirc;m phong n&agrave;y bị b&oacute;c th&igrave; tới 99% l&agrave; m&aacute;y t&acirc;n trang lại - REFURBISHED); đối với Sony Vaio kiểm tra Model m&aacute;y, made in..., cấu h&igrave;nh ch&iacute;nh v.v...; đối với Dell kiểm tra số Service Tag, ng&agrave;y sản xuất, nơi sản xuất v.v... Y&ecirc;u cầu c&aacute;c th&ocirc;ng tin n&agrave;y phải tr&ugrave;ng khớp với th&ocirc;ng tin ghi sau m&aacute;y.</p>\r\n\r\n<p>B4: Y&ecirc;u cầu người b&aacute;n in cho một bản m&atilde; số m&aacute;y, m&atilde; số linh kiện của h&agrave;ng h&oacute;a định mua trực tiếp tr&ecirc;n web site của nh&agrave; sản xuất - điều n&agrave;y V&Ocirc; C&Ugrave;NG QUAN TRỌNG -nếu v&igrave; bất kỳ l&yacute; do g&igrave; người b&aacute;n kh&ocirc;ng tiết lộ điều n&agrave;y chắc chắn 99% l&agrave; h&agrave;ng k&eacute;m chất lượng (sau bước n&agrave;y Q&uacute;y kh&aacute;ch sẽ c&oacute; một bản danh mục linh kiện phụ t&ugrave;ng để kiểm tra).</p>\r\n\r\n<p>B5: Đối chiếu m&atilde; hiệu số hiệu của m&aacute;y, của bộ nạp điện, PIN, ổ DVD, RAM, ổ HDD v.v... với m&atilde; hiệu, số hiệu của ch&iacute;nh linh kiện đ&oacute; được liệt k&ecirc; trong bảng danh mục ở bước 4. Nếu c&oacute; bất kỳ m&atilde; hiệu, k&yacute; hiệu n&agrave;o kh&ocirc;ng khớp chứng tỏ h&agrave;ng đ&atilde; bị thay thể, sửa đổi, chất lượng kh&ocirc;ng c&ograve;n nguy&ecirc;n bản của nh&agrave; sản xuất.</p>\r\n\r\n<p style=\"text-align:center\"><img src=\"https://bizweb.dktcdn.net/100/027/105/files/2.jpg?v=1446449649057\" /></p>\r\n\r\n<p>B6: So s&aacute;nh gi&aacute; cả sản phẩm, gi&aacute; cả dịch vụ v.v..., nếu gi&aacute; của sản phẩm qu&aacute; thấp so với mặt bằng chung của thị trường Q&uacute;y kh&aacute;ch cần kiểm tra kỹ lưỡng chất lượng h&agrave;ng h&oacute;a để đảm bảo kh&ocirc;ng mua phải h&agrave;ng REFURBISHED, h&agrave;ng cũ l&agrave;m lại, h&agrave;ng bị &quot;LUỘC ĐỒ&quot;, h&agrave;ng t&acirc;n trang; hoặc kiểm tra xem c&oacute; h&agrave;ng hay kh&ocirc;ng? th&ocirc;ng tin c&oacute; x&aacute;c thực hay kh&ocirc;ng? để đ&aacute;nh gi&aacute; độ tin cậy của nh&agrave; cung cấp. Đặc biệt đối với những đồ khuyến mại người b&aacute;n c&oacute; N&Ecirc;U TRỊ GI&Aacute; th&igrave; cần phải xem x&eacute;t cho thật kỹ lưỡng xem gi&aacute; trị thực của mặt h&agrave;ng khuyến mại đ&oacute; tr&ecirc;n thị trường trị gi&aacute; bao nhi&ecirc;u? người b&aacute;n c&oacute; đồng &yacute; TRỪ Đ&Uacute;NG LƯỢNG TỀN như vậy trong trường hợp Q&uacute;y kh&aacute;ch kh&ocirc;ng muốn lấy khuyến mại kh&ocirc;ng? (trường hợp do h&atilde;ng khuyến mại th&igrave; thường kh&ocirc;ng ghi gi&aacute; trị). Nếu mọi th&ocirc;ng tin từ người b&aacute;n đều TRUNG THỰC, kh&ocirc;ng c&oacute; bất kỳ một chi tiết n&agrave;o nhằm LỪA DỐI kh&aacute;ch h&agrave;ng, Q&uacute;y kh&aacute;ch ho&agrave;n to&agrave;n c&oacute; thể tin tưởng v&agrave; ra quyết định mua h&agrave;ng.</p>\r\n\r\n<p>&nbsp;</p>\r\n\r\n<p>B1: Y&ecirc;u cầu người b&aacute;n cam kết cấu h&igrave;nh phải c&ograve;n nguy&ecirc;n bản (c&oacute; nghĩa l&agrave; c&ograve;n nguy&ecirc;n bản của nh&agrave; sản xuất).</p>\r\n\r\n<p>B2: Kiểm tra ni&ecirc;m phong th&ugrave;ng h&agrave;ng (BP khuy&ecirc;n rằng Q&uacute;y kh&aacute;ch n&ecirc;n mua h&agrave;ng c&ograve;n NGUY&Ecirc;N NI&Ecirc;M PHONG, ở Việt Nam nếu h&agrave;ng KH&Ocirc;NG c&ograve;n NI&Ecirc;M PHONG v&igrave; bất cứ l&yacute; do g&igrave; th&igrave; c&oacute; tới 95% l&agrave; m&aacute;y CŨ). Trường hợp ni&ecirc;m phong đ&atilde; bị b&oacute;c Q&uacute;y kh&aacute;ch n&ecirc;n kiểm tra thật kỹ trước khi thanh to&aacute;n.</p>\r\n\r\n<p>B3: Kiểm tra c&aacute;c th&ocirc;ng tin in ngo&agrave;i th&ugrave;ng: Đối với Toshiba, HP, IBM kiểm tra Model m&aacute;y, Part Number, Số serial, made in... v.v... (nếu ni&ecirc;m phong th&ugrave;ng m&aacute;y bị b&oacute;c th&igrave; nhất thiết ni&ecirc;m phong d&aacute;n b&ecirc;n ngo&agrave;i t&uacute;i nylon bọc m&aacute;y phải c&ograve;n, ni&ecirc;m phong n&agrave;y bị b&oacute;c th&igrave; tới 99% l&agrave; m&aacute;y t&acirc;n trang lại - REFURBISHED); đối với Sony Vaio kiểm tra Model m&aacute;y, made in..., cấu h&igrave;nh ch&iacute;nh v.v...; đối với Dell kiểm tra số Service Tag, ng&agrave;y sản xuất, nơi sản xuất v.v... Y&ecirc;u cầu c&aacute;c th&ocirc;ng tin n&agrave;y phải tr&ugrave;ng khớp với th&ocirc;ng tin ghi sau m&aacute;y.</p>\r\n\r\n<p>B4: Y&ecirc;u cầu người b&aacute;n in cho một bản m&atilde; số m&aacute;y, m&atilde; số linh kiện của h&agrave;ng h&oacute;a định mua trực tiếp tr&ecirc;n web site của nh&agrave; sản xuất - điều n&agrave;y V&Ocirc; C&Ugrave;NG QUAN TRỌNG -nếu v&igrave; bất kỳ l&yacute; do g&igrave; người b&aacute;n kh&ocirc;ng tiết lộ điều n&agrave;y chắc chắn 99% l&agrave; h&agrave;ng k&eacute;m chất lượng (sau bước n&agrave;y Q&uacute;y kh&aacute;ch sẽ c&oacute; một bản danh mục linh kiện phụ t&ugrave;ng để kiểm tra).</p>\r\n\r\n<p>B5: Đối chiếu m&atilde; hiệu số hiệu của m&aacute;y, của bộ nạp điện, PIN, ổ DVD, RAM, ổ HDD v.v... với m&atilde; hiệu, số hiệu của ch&iacute;nh linh kiện đ&oacute; được liệt k&ecirc; trong bảng danh mục ở bước 4. Nếu c&oacute; bất kỳ m&atilde; hiệu, k&yacute; hiệu n&agrave;o kh&ocirc;ng khớp chứng tỏ h&agrave;ng đ&atilde; bị thay thể, sửa đổi, chất lượng kh&ocirc;ng c&ograve;n nguy&ecirc;n bản của nh&agrave; sản xuất.</p>\r\n\r\n<p>B6: So s&aacute;nh gi&aacute; cả sản phẩm, gi&aacute; cả dịch vụ v.v..., nếu gi&aacute; của sản phẩm qu&aacute; thấp so với mặt bằng chung của thị trường Q&uacute;y kh&aacute;ch cần kiểm tra kỹ lưỡng chất lượng h&agrave;ng h&oacute;a để đảm bảo kh&ocirc;ng mua phải h&agrave;ng REFURBISHED, h&agrave;ng cũ l&agrave;m lại, h&agrave;ng bị &quot;LUỘC ĐỒ&quot;, h&agrave;ng t&acirc;n trang; hoặc kiểm tra xem c&oacute; h&agrave;ng hay kh&ocirc;ng? th&ocirc;ng tin c&oacute; x&aacute;c thực hay kh&ocirc;ng? để đ&aacute;nh gi&aacute; độ tin cậy của nh&agrave; cung cấp. Đặc biệt đối với những đồ khuyến mại người b&aacute;n c&oacute; N&Ecirc;U TRỊ GI&Aacute; th&igrave; cần phải xem x&eacute;t cho thật kỹ lưỡng xem gi&aacute; trị thực của mặt h&agrave;ng khuyến mại đ&oacute; tr&ecirc;n thị trường trị gi&aacute; bao nhi&ecirc;u? người b&aacute;n c&oacute; đồng &yacute; TRỪ Đ&Uacute;NG LƯỢNG TỀN như vậy trong trường hợp Q&uacute;y kh&aacute;ch kh&ocirc;ng muốn lấy khuyến mại kh&ocirc;ng? (trường hợp do h&atilde;ng khuyến mại th&igrave; thường kh&ocirc;ng ghi gi&aacute; trị). Nếu mọi th&ocirc;ng tin từ người b&aacute;n đều TRUNG THỰC, kh&ocirc;ng c&oacute; bất kỳ một chi tiết n&agrave;o nhằm LỪA DỐI kh&aacute;ch h&agrave;ng, Q&uacute;y kh&aacute;ch ho&agrave;n to&agrave;n c&oacute; thể tin tưởng v&agrave; ra quyết định mua h&agrave;ng.</p>',1),(2,'Surface Pro 4: màn hình lớn hơn, mỏng hơn, nhanh hơn 30%','surface-pro-4-man-hinh-lon-hon-mong-hon-nhanh-hon-30','Thế hệ Surface Pro thứ 4 đã được Microsoft chính thức công bố tại sự kiện đang diễn ra. Chiếc máy có thiết thiết kế tương tự Surface Pro 3 nhưng mỏng hơn, màn hình lớn hơn một chút, kích thước không đổi','2016-02-19 02:08:02','2016-02-19 02:08:02','posts/suface.jpg','<p><span style=\"color:rgb(20, 20, 20); font-family:helvetica,arial,sans-serif; font-size:14.6667px\">Thế hệ Surface Pro thứ 4 đ&atilde; được Microsoft ch&iacute;nh thức c&ocirc;ng bố tại sự kiện đang diễn ra. Chiếc m&aacute;y c&oacute; thiết thiết kế tương tự Surface Pro 3 nhưng mỏng hơn, m&agrave;n h&igrave;nh lớn hơn một ch&uacute;t, k&iacute;ch thước kh&ocirc;ng đổi. Tuy nhi&ecirc;n, b&ecirc;n trong lớp vỏ ngo&agrave;i l&agrave; những n&acirc;ng cấp rất gi&aacute; trị về phần cứng v&agrave; t&iacute;nh năng.</span><br />\r\n&nbsp;</p>\r\n\r\n<div style=\"margin: 0px; padding: 0px; color: rgb(20, 20, 20); font-family: Helvetica, Arial, sans-serif; font-size: 14.6667px; line-height: 20.5333px; text-align: center;\"><iframe frameborder=\"0\" height=\"450\" src=\"https://www.youtube.com/embed/6Gh4o9IqeEU?wmode=opaque\" style=\"max-width: 100%;\" width=\"800\"></iframe>​</div>\r\n\r\n<p><br />\r\n<span style=\"color:rgb(20, 20, 20); font-family:helvetica,arial,sans-serif; font-size:14.6667px\">Surface Pro 4 vẫn được chế tạo bằng hợp kim magnesium nhưng mỏng 8,4 mm (Surface Pro 3 9,1 mm), m&agrave;n h&igrave;nh tăng th&ecirc;m 0,3&quot; th&agrave;nh 12,3&quot; với 5 triệu điểm ảnh, mật độ 267 ppi nhưng k&iacute;ch thước m&aacute;y kh&ocirc;ng đổi, như vậy Microsoft đ&atilde; l&agrave;m mỏng phần viền để mở rộng kh&ocirc;ng gian hiển thị. Tiếp theo, chiếc m&agrave;n h&igrave;nh n&agrave;y c&ograve;n c&oacute; lớp k&iacute;nh cường lực Gorilla Glass thế hệ 4 mỏng 0,4 mm, chip cảm ứng G5 hỗ trợ tốt hơn cho b&uacute;t v&agrave; thao t&aacute;c chạm.</span><br />\r\n&nbsp;</p>\r\n\r\n<div style=\"margin: 0px; padding: 0px; color: rgb(20, 20, 20); font-family: Helvetica, Arial, sans-serif; font-size: 14.6667px; line-height: 20.5333px; text-align: center;\"><img alt=\"SurfacePro4.\" class=\"LbImage bbCodeImage\" src=\"https://tinhte.cdnforo.com/store/2015/10/3156775_SurfacePro4.gif\" style=\"border:0px; max-width:100%\" /><br />\r\n​</div>\r\n\r\n<p><br />\r\n<span style=\"color:rgb(20, 20, 20); font-family:helvetica,arial,sans-serif; font-size:14.6667px\">Cấu h&igrave;nh của Surface Pro 4 cũng được n&acirc;ng cấp với thế hệ vi xử l&yacute; Intel Core Skylake, nhiều RAM v&agrave; bộ nhớ hơn. Với phi&ecirc;n bản cao cấp nhất th&igrave; bạn sẽ c&oacute; Core i7 thế hệ Skylake, 16 GB RAM v&agrave; 1 TB SSD lưu trữ. Ngo&agrave;i ra, Microsoft đ&atilde; bổ sung t&ugrave;y chọn Core M cho Surface Pro 4, bỏ t&ugrave;y chọn Core i3 như c&aacute;c thế hệ trước.</span><br />\r\n&nbsp;</p>\r\n\r\n<div style=\"margin: 0px; padding: 0px; color: rgb(20, 20, 20); font-family: Helvetica, Arial, sans-serif; font-size: 14.6667px; line-height: 20.5333px; text-align: center;\"><img alt=\"SurfacePen.\" class=\"LbImage bbCodeImage\" src=\"https://tinhte.cdnforo.com/store/2015/10/3156794_SurfacePen.jpg\" style=\"border:0px; max-width:100%\" />​</div>\r\n\r\n<p><br />\r\n<span style=\"color:rgb(20, 20, 20); font-family:helvetica,arial,sans-serif; font-size:14.6667px\">Đi k&egrave;m với Surface Pro 4 l&agrave; chiếc Surface Pen mới với 1024 cấp độ lực v&agrave; đầu cuối của b&uacute;t c&oacute; một cục tẩy, cho ch&uacute;ng ta c&aacute;ch thao t&aacute;c như một chiếc b&uacute;t ch&igrave;. Chiếc b&uacute;t n&agrave;y c&oacute; thời lượng pin đến cả năm v&agrave; gắn kết nam ch&acirc;m dễ d&agrave;ng v&agrave;o th&acirc;n m&aacute;y, kh&ocirc;ng c&ograve;n phải nh&eacute;t v&agrave;o cover như b&uacute;t Surface Pen cũ nữa.</span><br />\r\n&nbsp;</p>\r\n\r\n<div style=\"margin: 0px; padding: 0px; color: rgb(20, 20, 20); font-family: Helvetica, Arial, sans-serif; font-size: 14.6667px; line-height: 20.5333px; text-align: center;\"><img alt=\"SurfaceCover.\" class=\"LbImage bbCodeImage\" src=\"https://tinhte.cdnforo.com/store/2015/10/3156796_SurfaceCover.jpg\" style=\"border:0px; max-width:100%\" />​</div>\r\n\r\n<p><br />\r\n<span style=\"color:rgb(20, 20, 20); font-family:helvetica,arial,sans-serif; font-size:14.6667px\">Ngo&agrave;i ra, Microsoft cũng giới thiệu Surface Cover mới với thiết kế b&agrave;n ph&iacute;m chiclet như laptop ti&ecirc;u chuẩn, b&agrave;n r&ecirc; lớn hơn 40% v&agrave; đặc biệt l&agrave; t&iacute;ch hợp cảm biến v&acirc;n tay 1 chạm để hỗ trợ cho Windows Hello. C&aacute;c cover b&agrave;n ph&iacute;m cũ như Type Cover hay Touch Cover của Surface Pro 3 đều d&ugrave;ng lại được với Surface Pro 4. Chiếc m&aacute;y n&agrave;y cũng d&ugrave;ng một c&aacute;i Surface Dockstation nhỏ gọn hơn, kết nối qua cổng USB.</span><br />\r\n<br />\r\n<span style=\"color:rgb(20, 20, 20); font-family:helvetica,arial,sans-serif; font-size:14.6667px\">Surface Pro 4 sẽ bắt đầu cho đặt h&agrave;ng từ b&acirc;y giờ, gi&aacute; b&aacute;n từ $899, ng&agrave;y 26 th&aacute;ng 10 giao h&agrave;ng.</span></p>',1),(3,'Kingston giới thiệu dòng SSDNow UV300, flash NAND TLC','kingston-gioi-thieu-dong-ssdnow-uv300-flash-nand-tlc','Đây sẽ là dòng SSD chủ đạo trong phân khúc phổ thông của Kingston trong thời gian tới với các mức dung lượng gồm 120GB, 240GB và 480GB. Thiết kế sản phẩm áp dụng công nghệ chip nhớ TLC (triple-level cell) và bộ điều khiển (controller) Phison S10 được dùng phổ biến trong SSD HyperX Savage của Kingston, Patriot Ignite và Corsair Neutron XT.','2016-02-19 02:10:21','2016-02-19 02:10:30','posts/df.jpg','<p><span style=\"color:rgb(20, 20, 20); font-family:helvetica,arial,sans-serif; font-size:14.6667px\">Đ&acirc;y sẽ l&agrave; d&ograve;ng&nbsp;</span><a class=\"Tinhte_XenTag_TagLink\" href=\"https://tinhte.vn/tags/ssd/\" style=\"color: rgb(23, 96, 147); text-decoration: none; border-radius: 0px; padding: 0px 3px; margin: 0px -3px; font-family: Helvetica, Arial, sans-serif; font-size: 14.6667px; line-height: 20.5333px;\">SSD</a><span style=\"color:rgb(20, 20, 20); font-family:helvetica,arial,sans-serif; font-size:14.6667px\">&nbsp;chủ đạo trong ph&acirc;n kh&uacute;c phổ th&ocirc;ng của&nbsp;</span><a class=\"Tinhte_XenTag_TagLink\" href=\"https://tinhte.vn/tags/kingston/\" style=\"color: rgb(23, 96, 147); text-decoration: none; border-radius: 0px; padding: 0px 3px; margin: 0px -3px; font-family: Helvetica, Arial, sans-serif; font-size: 14.6667px; line-height: 20.5333px;\">Kingston</a><span style=\"color:rgb(20, 20, 20); font-family:helvetica,arial,sans-serif; font-size:14.6667px\">&nbsp;trong thời gian tới với c&aacute;c mức dung lượng gồm 120GB, 240GB v&agrave; 480GB. Thiết kế sản phẩm &aacute;p dụng c&ocirc;ng nghệ chip nhớ TLC (triple-level cell) v&agrave; bộ điều khiển (controller) Phison S10 được d&ugrave;ng phổ biến trong SSD&nbsp;</span><a class=\"Tinhte_XenTag_TagLink\" href=\"https://tinhte.vn/tags/hyperx-savage/\" style=\"color: rgb(23, 96, 147); text-decoration: none; border-radius: 0px; padding: 0px 3px; margin: 0px -3px; font-family: Helvetica, Arial, sans-serif; font-size: 14.6667px; line-height: 20.5333px;\">HyperX Savage</a><span style=\"color:rgb(20, 20, 20); font-family:helvetica,arial,sans-serif; font-size:14.6667px\">&nbsp;của Kingston, Patriot Ignite v&agrave; Corsair Neutron XT.</span><br />\r\n&nbsp;</p>\r\n\r\n<div class=\"twentytwenty-wrapper twentytwenty-horizontal\" style=\"margin: 0px; padding: 0px; display: inline-block; max-width: 100%; color: rgb(20, 20, 20); font-family: Helvetica, Arial, sans-serif; font-size: 14.6667px; line-height: 20.5333px; height: 535px; width: 803px;\">\r\n<p style=\"text-align:center\">&nbsp;</p>\r\n\r\n<div class=\"twentytwenty-container auto active\" id=\"compare763024368\" style=\"margin: auto; padding: 0px; box-sizing: content-box; z-index: 0; overflow: hidden; position: relative; -webkit-user-select: none; max-width: 100%; height: 535px; width: 803px;\">\r\n<p style=\"text-align:center\"><img alt=\"Kingston UV300_tinhte 1.\" class=\"twentytwenty-before\" src=\"https://tinhte.cdnforo.com/store/2015/10/3533175_Kingston_UV300_tinhte_1.jpg\" style=\"border:0px none; box-sizing:content-box; clip:rect(0px, 102.5px, 535px, 0px); cursor:pointer; display:block; float:right; max-width:100%; position:absolute; top:0px; z-index:20\" title=\"Kingston UV300_tinhte 1.\" /><img alt=\"Kingston UV300_tinhte 2.\" class=\"twentytwenty-after\" src=\"https://tinhte.cdnforo.com/store/2015/10/3533172_Kingston_UV300_tinhte_2.jpg\" style=\"border:0px; box-sizing:content-box; cursor:pointer; display:block; max-width:100%; position:absolute; top:0px; z-index:10\" title=\"Kingston UV300_tinhte 2.\" /></p>\r\n\r\n<p style=\"text-align:center\">&nbsp;</p>\r\n\r\n<div class=\"twentytwenty-handle\" style=\"margin: 0px; padding: 0px; box-sizing: content-box; height: 0px; width: 0px; position: absolute; left: 102.5px; top: 267.5px; border-radius: 1000px; box-shadow: rgba(51, 51, 51, 0.498039) 0px 0px 12px; z-index: 40; cursor: pointer; text-align: center;\">&nbsp;</div>\r\n</div>\r\n</div>\r\n\r\n<p><br />\r\n<span style=\"color:rgb(20, 20, 20); font-family:helvetica,arial,sans-serif; font-size:14.6667px\">Theo Kingston cho biết&nbsp;</span><a class=\"Tinhte_XenTag_TagLink\" href=\"https://tinhte.vn/tags/ssdnow-uv300/\" style=\"color: rgb(23, 96, 147); text-decoration: none; border-radius: 0px; padding: 0px 3px; margin: 0px -3px; font-family: Helvetica, Arial, sans-serif; font-size: 14.6667px; line-height: 20.5333px;\">SSDNow UV300</a><span style=\"color:rgb(20, 20, 20); font-family:helvetica,arial,sans-serif; font-size:14.6667px\">&nbsp;hỗ trợ chuẩn giao tiếp SATA 3.0 với băng th&ocirc;ng đạt mức 6 Gb/s, tốc độ đọc dữ liệu cao nhất v&agrave;o khoảng 550 MB/s, tốc độ ghi lần lượt l&agrave; 350 MB/s, 490 MB/s v&agrave; 510 MB/s ứng với c&aacute;c phi&ecirc;n bản dung lượng 120GB, 240GB v&agrave; 480GB. B&ecirc;n cạnh đ&oacute;, độ bền c&ocirc;ng bố của mẫu 120GB v&agrave;o khoảng 64 TBW (terabytes written) trong khi mẫu dung lượng 240GB l&agrave; 128 TBW v&agrave; 480GB l&agrave; 150 TBW.</span><br />\r\n<br />\r\n<span style=\"color:rgb(20, 20, 20); font-family:helvetica,arial,sans-serif; font-size:14.6667px\">Bộ nhớ flash sẽ hao m&ograve;n theo thời gian v&igrave; dữ liệu được đ&aacute;nh dấu để x&oacute;a, đổi vị tr&iacute; v&agrave; dữ liệu mới được ghi theo quy tr&igrave;nh c&ograve;n gọi l&agrave; chu kỳ ghi - xo&aacute; (P/E). Flash&nbsp;</span><a class=\"Tinhte_XenTag_TagLink\" href=\"https://tinhte.vn/tags/nand-tlc/\" style=\"color: rgb(23, 96, 147); text-decoration: none; border-radius: 0px; padding: 0px 3px; margin: 0px -3px; font-family: Helvetica, Arial, sans-serif; font-size: 14.6667px; line-height: 20.5333px;\">NAND TLC</a><span style=\"color:rgb(20, 20, 20); font-family:helvetica,arial,sans-serif; font-size:14.6667px\">&nbsp;chứa 3 bit dữ liệu v&agrave; vấn đề lớn nhất của chip nhớ n&agrave;y l&agrave; độ tin cậy v&agrave; số t&aacute;c vụ ghi dữ liệu c&ugrave;ng l&uacute;c v&agrave;o mỗi cell (&ocirc; nhớ) thấp hơn so với&nbsp;</span><a class=\"Tinhte_XenTag_TagLink\" href=\"https://tinhte.vn/tags/flash-slc/\" style=\"color: rgb(23, 96, 147); text-decoration: none; border-radius: 0px; padding: 0px 3px; margin: 0px -3px; font-family: Helvetica, Arial, sans-serif; font-size: 14.6667px; line-height: 20.5333px;\">flash SLC</a><span style=\"color:rgb(20, 20, 20); font-family:helvetica,arial,sans-serif; font-size:14.6667px\">, MLC.</span><br />\r\n<br />\r\n<span style=\"color:rgb(20, 20, 20); font-family:helvetica,arial,sans-serif; font-size:14.6667px\">Cụ thể mỗi &ocirc; nhớ của flash NAND SLC chứa 1 bit dữ liệu c&oacute; độ tin cậy v&agrave; độ bền cao nhất với 50.000 đến 100.000 chu kỳ P/E. Flash MLC chứa 2 bit dữ liệu c&oacute; thể chịu được khoảng 5.000 đến 10.000 chu kỳ trong khi TLC c&oacute; độ bền thấp nhất, chỉ từ 500 đến 1.000 chu kỳ P/E.</span><br />\r\n<br />\r\n<span style=\"color:rgb(20, 20, 20); font-family:helvetica,arial,sans-serif; font-size:14.6667px\">Về hiệu suất đọc dữ liệu 4Kb dạng khối của SSDNow UV300 c&oacute; thể đạt đến 95.000&nbsp;</span><a class=\"Tinhte_XenTag_TagLink\" href=\"https://tinhte.vn/tags/iops/\" style=\"color: rgb(23, 96, 147); text-decoration: none; border-radius: 0px; padding: 0px 3px; margin: 0px -3px; font-family: Helvetica, Arial, sans-serif; font-size: 14.6667px; line-height: 20.5333px;\">IOPS</a><span style=\"color:rgb(20, 20, 20); font-family:helvetica,arial,sans-serif; font-size:14.6667px\">&nbsp;trong khi hiệu suất ghi chỉ đạt 26.000 IOPS với phi&ecirc;n bản 480GB v&agrave; thấp nhất l&agrave; 13.000 IPS với mẫu dung lượng 120GB. So với SSDNow V300 120GB (flash NAND MLC, controller SandForce SF-2281) l&agrave; 85.000/55.000 IOPS v&agrave; phi&ecirc;n bản 480GB l&agrave; 73.000/28.000 IOPS.</span><br />\r\n<br />\r\n<span style=\"color:rgb(20, 20, 20); font-family:helvetica,arial,sans-serif; font-size:14.6667px\">D&ograve;ng SSDNow UV300 mới sẽ được b&aacute;n ra đầu ti&ecirc;n tại Nga, tuy nhi&ecirc;n h&atilde;ng chưa ấn định cụ thể gi&aacute; sản phẩm.</span></p>',1),(4,'LG bắt đầu bán V10 ra thị trường toàn cầu, sẽ có chính hãng ở Việt Nam','lg-bat-dau-ban-v10-ra-thi-truong-toan-cau-se-co-chinh-hang-o-viet-nam','LG vừa thông báo cho biết họ sẽ bắt đầu bán chiếc điện thoại hai màn hình LG V10 tại thị trường quốc tế, chính thức đưa máy ra khỏi quê nhà Hàn Quốc. Dự kiến thị trường Mỹ, Trung Quốc và Hong Kong sẽ có đầu tiên, sau đó dần mở rộng ra các thị trường khác. Rất tiếc LG không đề cập đến Việt Nam mà họ chỉ có khu vực Châu Á cũng sẽ có V10.','2016-02-19 02:12:07','2016-02-19 02:12:07','posts/9-3fd40.jpg','<p style=\"text-align:justify\"><br />\r\n<br />\r\n<span style=\"color:rgb(20, 20, 20); font-family:helvetica,arial,sans-serif; font-size:14.6667px\">Một nguồn uy t&iacute;n cho m&igrave;nh biết V10 sẽ được b&aacute;n ở Việt Nam. L&uacute;c trước LG đ&atilde; c&acirc;n nhắc kh&aacute; nhiều v&igrave; gi&aacute; của m&aacute;y kh&ocirc;ng rẻ nhưng cuối c&ugrave;ng họ cũng đ&atilde; đưa được quyết định, chỉ l&agrave; chưa r&otilde; thời gian n&agrave;o m&agrave; th&ocirc;i.</span></p>\r\n\r\n<p style=\"text-align:center\"><img src=\"https://bizweb.dktcdn.net/100/027/105/files/142942300954.jpg?v=1446201168406\" /><br />\r\n<a class=\"internalLink\" href=\"https://tinhte.vn/threads/tren-tay-lg-v10-thiet-ke-moi-cau-hinh-manh-nhieu-nang-cap.2515888/\" style=\"color: rgb(23, 96, 147); text-decoration: none; border-radius: 0px; padding: 0px 3px; margin: 0px -3px; font-family: Helvetica, Arial, sans-serif; font-size: 14.6667px; line-height: 20.5333px;\">Tham khảo về LG V10</a></p>\r\n\r\n<ul>\r\n	<li>M&agrave;n h&igrave;nh ch&iacute;nh lượng tử IPS 5,7-inch, độ ph&acirc;n giải 2560x1440 (mật độ điểm ảnh đạt 513ppi)</li>\r\n	<li>M&agrave;n h&igrave;nh phụ lượng tử IPS 2,1-inch, độ ph&acirc;n giải 160x1040</li>\r\n	<li>CPU Qualcomm Snapdragon 808</li>\r\n	<li>RAM 4GB, bộ nhớ trong 64GB, c&oacute; hỗ trợ microSD l&ecirc;n đến 2TB</li>\r\n	<li>Camera ch&iacute;nh 16MP khẩu F1.8, c&oacute; chống rung quang học</li>\r\n	<li>Hai camera trước 5MP, một c&oacute; g&oacute;c chụp 120 độ v&agrave; một 80 độ. C&oacute; phần mềm kết hợp h&igrave;nh ảnh của cả hai để tạo th&agrave;nh ảnh c&oacute; g&oacute;c chụp rất rộng.</li>\r\n	<li>Kết nối: WiFi 802.11 a/b/g/n/ac, Bluetooth 4.1, NFC, USB 2.0</li>\r\n	<li>K&iacute;ch thước: 159,6 x 79,3 x 8,6mm / Nặng 192g</li>\r\n	<li>Pin dung lượng: 3.000mAh</li>\r\n	<li>Hệ điều h&agrave;nh: Android 5.1.1 Lollipop</li>\r\n</ul>',1),(5,'Nhiều ứng dụng lớn ngưng hỗ trợ trên WP, chuyện gì đang xảy ra và tại sao?','nhieu-ung-dung-lon-ngung-ho-tro-tren-wp-chuyen-gi-dang-xay-ra-va-tai-sao','Thiếu ứng dụng đã đành, Windows Phone đang gặp phải tình trạng \" mất ứng dụng\" khi nhiều ứng dụng phổ biến lần lượt bị nhà phát triển gỡ bỏ khỏi Windows Store. Tình trạng này không mới nhưng đã đến lúc chúng ta cùng nhìn lại những gì đang xảy ra và những nguyên nhân khiến lập trình viên quay lưng với WP. Dưới đây là phân tích của Tom Warren đến từ The Verge.','2016-02-19 02:13:03','2016-02-19 02:13:03','posts/3525501-continuum.jpg','<p><span style=\"color:rgb(20, 20, 20); font-family:helvetica,arial,sans-serif; font-size:14.6667px\">Thiếu ứng dụng đ&atilde; đ&agrave;nh,&nbsp;</span><a class=\"Tinhte_XenTag_TagLink\" href=\"https://tinhte.vn/tags/windows-phone/\" style=\"color: rgb(23, 96, 147); text-decoration: none; border-radius: 0px; padding: 0px 3px; margin: 0px -3px; font-family: Helvetica, Arial, sans-serif; font-size: 14.6667px; line-height: 20.5333px;\">Windows Phone</a><span style=\"color:rgb(20, 20, 20); font-family:helvetica,arial,sans-serif; font-size:14.6667px\">&nbsp;đang gặp phải t&igrave;nh trạng &quot;&nbsp;</span><a class=\"Tinhte_XenTag_TagLink\" href=\"https://tinhte.vn/tags/mat-ung-dung/\" style=\"color: rgb(23, 96, 147); text-decoration: none; border-radius: 0px; padding: 0px 3px; margin: 0px -3px; font-family: Helvetica, Arial, sans-serif; font-size: 14.6667px; line-height: 20.5333px;\">mất ứng dụng</a><span style=\"color:rgb(20, 20, 20); font-family:helvetica,arial,sans-serif; font-size:14.6667px\">&quot; khi nhiều ứng dụng phổ biến lần lượt bị nh&agrave; ph&aacute;t triển gỡ bỏ khỏi Windows Store. T&igrave;nh trạng n&agrave;y kh&ocirc;ng mới nhưng đ&atilde; đến l&uacute;c ch&uacute;ng ta c&ugrave;ng nh&igrave;n lại những g&igrave; đang xảy ra v&agrave; những nguy&ecirc;n nh&acirc;n khiến lập tr&igrave;nh vi&ecirc;n quay lưng với WP. Dưới đ&acirc;y l&agrave; ph&acirc;n t&iacute;ch của Tom Warren đến từ The Verge.</span><br />\r\n<br />\r\n<span style=\"color:rgb(20, 20, 20); font-family:helvetica,arial,sans-serif; font-size:14.6667px\">T&iacute;nh đến nay Windows Phone đ&atilde; được 5 năm tuổi v&agrave; khoảng c&aacute;ch về ứng dụng giữa nền tảng di động n&agrave;y với Google Android v&agrave; Apple iOS vẫn rất lớn. Mặc d&ugrave; vậy, trong nhiều năm qua c&aacute;c nh&agrave; ph&aacute;t triển vẫn chưa c&oacute; &yacute; định đổ bộ sang WP để cải thiện t&igrave;nh trạng n&agrave;y. Thay v&agrave;o đ&oacute;, điều ngược lại đang xảy ra khi nhiều ứng dụng được cho l&agrave; tối quan trọng hay ứng dụng ch&iacute;nh chủ bắt đầu biến mất. H&ocirc;m nay,&nbsp;</span><a class=\"vglnk\" href=\"http://mint.com/\" rel=\"nofollow\" style=\"color: rgb(23, 96, 147); text-decoration: none; border-radius: 0px; padding: 0px 3px; margin: 0px -3px; font-family: Helvetica, Arial, sans-serif; font-size: 14.6667px; line-height: 20.5333px;\">Mint.com</a><span style=\"color:rgb(20, 20, 20); font-family:helvetica,arial,sans-serif; font-size:14.6667px\">&nbsp;</span><span style=\"color:rgb(20, 20, 20); font-family:helvetica,arial,sans-serif; font-size:14.6667px\">- dịch vụ quản l&yacute; t&agrave;i ch&iacute;nh c&aacute; nh&acirc;n nổi tiếng của Mỹ đ&atilde; ch&iacute;nh thức</span><a class=\"externalLink\" href=\"https://mint.lc.intuit.com/questions/1243928-discontinuing-the-windows-phone-app\" style=\"color: rgb(23, 96, 147); text-decoration: none; border-radius: 0px; padding: 0px 3px; margin: 0px -3px; font-family: Helvetica, Arial, sans-serif; font-size: 14.6667px; line-height: 20.5333px;\" target=\"_blank\">ngưng hỗ trợ ứng dụng Mint tr&ecirc;n WP khiến nhiều người d&ugrave;ng nổi đ&oacute;a</a><span style=\"color:rgb(20, 20, 20); font-family:helvetica,arial,sans-serif; font-size:14.6667px\">. Tuy nhi&ecirc;n, đ&acirc;y kh&ocirc;ng phải l&agrave; ứng dụng duy nhất.</span><br />\r\n&nbsp;</p>\r\n\r\n<div style=\"margin: 0px; padding: 0px; color: rgb(20, 20, 20); font-family: Helvetica, Arial, sans-serif; font-size: 14.6667px; line-height: 20.5333px; text-align: center;\"><img alt=\"Mint_app.\" class=\"LbImage bbCodeImage\" src=\"https://tinhte.cdnforo.com/store/2015/10/3525495_Mint_app.jpg\" style=\"border:0px; max-width:100%\" />​</div>\r\n\r\n<p><br />\r\n<span style=\"color:rgb(20, 20, 20); font-family:helvetica,arial,sans-serif; font-size:14.6667px\">American Airlines, Chase Bank, Bank of America, NBC, Pinterest v&agrave; Kabam đều đ&atilde; ngưng hỗ trợ ứng dụng tr&ecirc;n WP hồi năm ngo&aacute;i. Những ứng dụng n&agrave;y hoặc l&agrave; bị gỡ bỏ khỏi Windows Store hoặc l&agrave; kh&ocirc;ng c&ograve;n được cập nhật phi&ecirc;n bản mới. Một số c&ocirc;ng ty đ&atilde; đưa ra l&yacute; do rằng WP kh&ocirc;ng c&oacute; đủ người d&ugrave;ng, số kh&aacute;c thậm ch&iacute; kh&ocirc;ng n&oacute;i tại sao lại ngưng hỗ trợ nhưng mỗi một ứng dụng bị gỡ bỏ đ&atilde; đẩy Microsoft l&ugrave;i về một bước trong cuộc đua nền tảng di động.</span><br />\r\n<br />\r\n<span style=\"color:rgb(20, 20, 20); font-family:helvetica,arial,sans-serif; font-size:14.6667px\">Kh&ocirc;ng chỉ ứng dụng ph&iacute;a thứ 3, bản th&acirc;n Microsoft cũng đ&atilde;&nbsp;</span><a class=\"internalLink\" href=\"https://tinhte.vn/threads/microsoft-ngung-ho-tro-photosynth-msn-food-drink-health-fitness-va-travel.2481834/\" style=\"color: rgb(23, 96, 147); text-decoration: none; border-radius: 0px; padding: 0px 3px; margin: 0px -3px; font-family: Helvetica, Arial, sans-serif; font-size: 14.6667px; line-height: 20.5333px;\">gỡ bỏ nhiều ứng dụng thuộc MSN như Travel, Food &amp; Drink, Health &amp; Fitness hay Photosynth</a><span style=\"color:rgb(20, 20, 20); font-family:helvetica,arial,sans-serif; font-size:14.6667px\">&nbsp;- một ứng dụng chụp ảnh 360 độ rất phổ biến v&agrave; nhiều ứng dụng hỗ trợ chụp ảnh Lumia kh&aacute;c. Ri&ecirc;ng với 2 ứng dụng/dịch vụ h&agrave;ng đầu của Microsoft l&agrave; Skype v&agrave; Office th&igrave; h&atilde;ng vẫn chưa mang lại trải nghiệm tốt như những g&igrave; đ&atilde; l&agrave;m cho iOS. Sự thật đ&aacute;ng buồn rằng trải nghiệm sử dụng Skype hay Office tốt nhất tr&ecirc;n điện thoại kh&ocirc;ng đến từ một thiết bị chạy Windows. Điều n&agrave;y c&oacute; thể sẽ kh&aacute;c với Windows 10 Mobile khi Microsoft đang cố gắng thay đổi mọi thứ,&nbsp;</span><a class=\"internalLink\" href=\"https://tinhte.vn/tags/skype/\" style=\"color: rgb(23, 96, 147); text-decoration: none; border-radius: 0px; padding: 0px 3px; margin: 0px -3px; font-family: Helvetica, Arial, sans-serif; font-size: 14.6667px; line-height: 20.5333px;\">từ việc t&iacute;ch hợp Skype v&agrave; Messaging</a><span style=\"color:rgb(20, 20, 20); font-family:helvetica,arial,sans-serif; font-size:14.6667px\">, bộ Office đa năng hơn với việc&nbsp;</span><a class=\"internalLink\" href=\"https://tinhte.vn/tags/continuum/\" style=\"color: rgb(23, 96, 147); text-decoration: none; border-radius: 0px; padding: 0px 3px; margin: 0px -3px; font-family: Helvetica, Arial, sans-serif; font-size: 14.6667px; line-height: 20.5333px;\">hỗ trợ Continuum</a><span style=\"color:rgb(20, 20, 20); font-family:helvetica,arial,sans-serif; font-size:14.6667px\">. Tuy nhi&ecirc;n, phải đến cuối năm nay th&igrave; Windows 10 Mobile mới được ph&aacute;t h&agrave;nh v&agrave; cụ thể trải nghiệm tốt hơn như thế n&agrave;o vẫn chưa r&otilde;.</span><br />\r\n&nbsp;</p>\r\n\r\n<div style=\"margin: 0px; padding: 0px; color: rgb(20, 20, 20); font-family: Helvetica, Arial, sans-serif; font-size: 14.6667px; line-height: 20.5333px; text-align: center;\"><img alt=\"Lumia_sales.\" class=\"LbImage bbCodeImage\" src=\"https://tinhte.cdnforo.com/store/2015/10/3525496_Lumia_sales.png\" style=\"border:0px; max-width:100%\" />​</div>\r\n\r\n<p><br />\r\n<span style=\"color:rgb(20, 20, 20); font-family:helvetica,arial,sans-serif; font-size:14.6667px\">Những yếu tố về ứng dụng n&oacute;i tr&ecirc;n ảnh hưởng kh&ocirc;ng nhỏ đến doanh số của d&ograve;ng điện thoại Lumia. T&iacute;nh đến qu&yacute; vừa qua th&igrave; Microsoft chỉ b&aacute;n được 5,8 triệu m&aacute;y so với 9,3 triệu c&ugrave;ng kỳ năm ngo&aacute;i. Như vậy, doanh số đ&atilde; sụt giảm đến 40% v&agrave; dĩ nhi&ecirc;n Microsoft kh&ocirc;ng hề muốn một kết cục như vậy. Trong khi đ&oacute;, HTC, Samsung v&agrave; Sony vẫn kh&ocirc;ng tỏ ra mặn m&agrave; với WP v&agrave; rốt cuộc 90% điện thoại chạy Windows b&aacute;n ra đều l&agrave; Lumia. Gi&aacute;m đốc điều h&agrave;nh mới Satya Nadella cho biết Microsoft hiện đang tập trung v&agrave;o một &quot;danh mục thiết bị hiệu quả hơn&quot; với &quot;những sản phẩm tốt hơn&quot;. C&oacute; vẻ như hướng tiếp cận của Microsoft sẽ tương tự như c&aacute;ch iPhone tiếp cận người d&ugrave;ng iPhone nhưng Microsoft kh&ocirc;ng c&oacute; được hệ sinh th&aacute;i di động lớn như Apple để thu h&uacute;t người d&ugrave;ng.</span><br />\r\n<br />\r\n<span style=\"color:rgb(20, 20, 20); font-family:helvetica,arial,sans-serif; font-size:14.6667px\">Vấn đề về khoảng trống ứng dụng tr&ecirc;n Windows Phone vẫn rất dai dẳng. Như Instagram đ&atilde; ph&aacute;t h&agrave;nh ứng dụng ch&iacute;nh chủ cho nền tảng n&agrave;y từ c&aacute;ch đ&acirc;y 2 năm nhưng đến nay vẫn chưa tho&aacute;t x&aacute;c beta, chưa hỗ trợ video. Nhiều ứng dụng kh&aacute;c như Twitter cũng vừa mới cập nhật với c&aacute;c t&iacute;nh năng mới nhất v&agrave; Facebook cũng chung cảnh ngộ. Tin vui l&agrave; CEO Facebook - Mark Zuckerberg n&oacute;i rằng &quot;Facebook sẽ to&agrave;n t&acirc;m với Windows 10 - ch&uacute;ng t&ocirc;i&nbsp;</span><a class=\"internalLink\" href=\"https://tinhte.vn/threads/se-co-app-facebook-facebook-messenger-va-instagram-chinh-chu-cho-windows-10-ca-dien-thoai.2514982/\" style=\"color: rgb(23, 96, 147); text-decoration: none; border-radius: 0px; padding: 0px 3px; margin: 0px -3px; font-family: Helvetica, Arial, sans-serif; font-size: 14.6667px; line-height: 20.5333px;\">sẵn l&ograve;ng ph&aacute;t triển c&aacute;c ứng dụng Universal cho Facebook, Facebook Messenger v&agrave; Instagram tr&ecirc;n nền tảng Windows.</a><span style=\"color:rgb(20, 20, 20); font-family:helvetica,arial,sans-serif; font-size:14.6667px\">&quot; Hy vọng rằng cả 2 ứng dụng n&agrave;y sẽ sớm được cập nhật, hỗ trợ những t&iacute;nh năng mới nhất tương tự c&aacute;c ứng dụng được Facebook l&agrave;m cho Android hay iOS.</span><br />\r\n<br />\r\n<span style=\"color:rgb(20, 20, 20); font-family:helvetica,arial,sans-serif; font-size:14.6667px\">Cam kết của Zuckerberg đối với Windows 10 l&agrave; một phần hy vọng của Microsoft rằng phi&ecirc;n bản hệ điều h&agrave;nh n&agrave;y sẽ thay đổi diện mạo nền tảng mảng di động của h&atilde;ng. Windows 10 được Microsoft cho n&acirc;ng cấp miễn ph&iacute; từ Windows 7/8 c&oacute; bản quyền v&agrave; đ&atilde; c&oacute; hơn 110 triệu thiết bị đang chạy phi&ecirc;n bản n&agrave;y. Microsoft đang cố gắng tạo ra một hiệu ứng lan tỏa để lập tr&igrave;nh&nbsp;</span><a class=\"Tinhte_XenTag_TagLink\" href=\"https://tinhte.vn/tags/microsoft/\" style=\"color: rgb(23, 96, 147); text-decoration: none; border-radius: 0px; padding: 0px 3px; margin: 0px -3px; font-family: Helvetica, Arial, sans-serif; font-size: 14.6667px; line-height: 20.5333px;\">vi&ecirc;n ph&aacute;t</a><span style=\"color:rgb(20, 20, 20); font-family:helvetica,arial,sans-serif; font-size:14.6667px\">&nbsp;triển c&aacute;c ứng dụng Universal c&oacute; thể chạy tr&ecirc;n m&aacute;y t&iacute;nh PC, điện thoại, m&aacute;y t&iacute;nh bảng v&agrave; thậm ch&iacute; l&agrave; m&aacute;y chơi game Xbox One.</span><br />\r\n<br />\r\n<span style=\"color:rgb(20, 20, 20); font-family:helvetica,arial,sans-serif; font-size:14.6667px\">Ngo&agrave;i ra, Microsoft cũng tạo điều kiện cho lập tr&igrave;nh vi&ecirc;n Android v&agrave; iOS bằng c&aacute;ch hỗ trợ c&aacute;c c&ocirc;ng cụ để họ c&oacute; thể dễ d&agrave;ng chuyển m&atilde; lập tr&igrave;nh c&aacute;c ứng dụng Android/iOS sang ứng dụng Universal chạy tr&ecirc;n Windows. Mặc d&ugrave; đ&atilde;&nbsp;</span><a class=\"internalLink\" href=\"https://tinhte.vn/threads/microsoft-giup-viec-chuyen-the-ung-dung-android-ios-sang-app-windows-10-duoc-de-dang-hon.2455944/\" style=\"color: rgb(23, 96, 147); text-decoration: none; border-radius: 0px; padding: 0px 3px; margin: 0px -3px; font-family: Helvetica, Arial, sans-serif; font-size: 14.6667px; line-height: 20.5333px;\">c&ocirc;ng bố v&agrave; nhấn mạnh về chủ đề n&agrave;y tại hội nghị BUILD 2015</a><span style=\"color:rgb(20, 20, 20); font-family:helvetica,arial,sans-serif; font-size:14.6667px\">&nbsp;nhưng đến nay vẫn chưa nhiều ứng dụng lớn, phổ biến được c&ocirc;ng bố cho Windows.</span><br />\r\n<br />\r\n<span style=\"color:rgb(20, 20, 20); font-family:helvetica,arial,sans-serif; font-size:14.6667px\">C&oacute; thể đổ lỗi khoảng trống ứng dụng tr&ecirc;n Windows l&agrave; do lập tr&igrave;nh vi&ecirc;n nhưng Microsoft cũng c&oacute; lỗi rất lớn khiến c&aacute;c lập tr&igrave;nh vi&ecirc;n quay lưng với Windows Phone. Lỗi ở đ&acirc;y ch&iacute;nh l&agrave; g&atilde; khổng lồ phần mềm li&ecirc;n tục &quot;t&aacute;i thiết&quot; nền tảng n&agrave;y. Đầu ti&ecirc;n l&agrave; thời đại ho&agrave;ng kim Windows Mobile, Microsoft đ&atilde; t&aacute;i thiết bằng việc ra mắt Windows Phone 7 v&agrave;o th&aacute;ng 10 năm 2010. 2 năm sau, Microsoft tiếp tục bỏ WP7, chuyển sang Windows Phone 8 v&agrave; đ&acirc;y được xem l&agrave; c&uacute; đ&aacute;nh trời gi&aacute;ng đối với người d&ugrave;ng lẫn lập tr&igrave;nh vi&ecirc;n bởi WP8 khiến nhiều thiết bị l&uacute;c đ&oacute; kh&ocirc;ng thể n&acirc;ng cấp được v&agrave; c&aacute;c ứng dụng cần phải được n&acirc;ng cấp mạnh mẽ để c&oacute; thể chạy tr&ecirc;n WP8. Windows Phone 8.1 ra mắt năm ngo&aacute;i cuối c&ugrave;ng đ&atilde; đem đến cho người d&ugrave;ng nhiều t&iacute;nh năng được mong mỏi. V&agrave; giờ đ&acirc;y, Microsoft lại chuẩn bị t&aacute;i thiết với Windows 10 Mobile.</span><br />\r\n&nbsp;</p>\r\n\r\n<div style=\"margin: 0px; padding: 0px; color: rgb(20, 20, 20); font-family: Helvetica, Arial, sans-serif; font-size: 14.6667px; line-height: 20.5333px; text-align: center;\"><img alt=\"Continuum.\" class=\"LbImage bbCodeImage\" src=\"https://tinhte.cdnforo.com/store/2015/10/3525501_Continuum.jpg\" style=\"border:0px; max-width:100%\" />​</div>\r\n\r\n<p><br />\r\n<span style=\"color:rgb(20, 20, 20); font-family:helvetica,arial,sans-serif; font-size:14.6667px\">Mặc d&ugrave; thay đổi li&ecirc;n tục, vấn đề về khoảng trống ứng dụng vẫn c&ograve;n đ&oacute;. Windows 10 Mobile c&oacute; thể sẽ được ph&aacute;t h&agrave;nh v&agrave;o th&aacute;ng 12 tới theo nhiều tin đồn nhưng Microsoft vẫn chưa ấn định thời điểm cụ thể. Nếu l&agrave; người d&ugrave;ng Insiders, hẳn bạn đ&atilde; biết được diện mạo của W10M như thế n&agrave;o v&agrave; c&oacute; thể hiểu được tại sao Microsoft vẫn chần chừ. W10M c&oacute; thể n&oacute;i l&agrave; nước cờ quyết định của Microsoft do đ&oacute; h&atilde;ng đang rất lắng nghe người d&ugrave;ng để đưa cung cấp những t&iacute;nh năng tốt nhất cũng như đảm bảo W10M sẽ đ&aacute;p ứng tầm nh&igrave;n 1 Windows cho tất cả. W10M mang thiết kế giao diện cải tiến, ứng dụng t&iacute;ch hợp tốt hơn v&agrave; m&ocirc; h&igrave;nh ứng dụng Universal được Microsoft kỳ vọng l&agrave; sẽ thu h&uacute;t nhiều lập tr&igrave;nh vi&ecirc;n hơn. Hiển nhi&ecirc;n Microsoft đ&atilde; nhận ra những sai lầm của m&igrave;nh trong qu&aacute; khứ với WP v&agrave; h&atilde;ng kh&ocirc;ng muốn phải &quot;t&aacute;i thiết&quot; nền tảng n&agrave;y th&ecirc;m 1 lần n&agrave;o nữa.</span></p>',1),(6,'Sở hữu Galaxy Tab S2 chỉ với 3.99 triệu','so-huu-galaxy-tab-s2-chi-voi-3-99-trieu','Chọn mua Galaxy Tab S2 ngay trong hôm nay, bạn không chỉ có cơ hội được tặng phiếu mua hàng trị giá đến 6 triệu đồng mà còn được mua trả góp không lãi suất trong suốt thời gian trả góp chỉ từ 3.99 triệu đồng','2016-02-19 02:14:15','2016-02-19 02:14:15','posts/3.jpg','<p><strong>Chọn mua Galaxy Tab S2 ngay trong h&ocirc;m nay, bạn kh&ocirc;ng chỉ c&oacute; cơ hội được tặng phiếu mua h&agrave;ng trị gi&aacute; đến 6 triệu đồng m&agrave; c&ograve;n được mua trả g&oacute;p kh&ocirc;ng l&atilde;i suất trong suốt thời gian trả g&oacute;p chỉ từ 3.99 triệu đồng</strong></p>\r\n\r\n<p>Theo đ&oacute;, chỉ cần tham gia v&ograve;ng may mắn tại cửa h&agrave;ng khi mua Galaxy Tab S2 l&agrave; bạn đ&atilde; c&oacute; 100% cơ hội được tặng phiếu mua h&agrave;ng đến 6.000.000 đồng. Th&ecirc;m v&agrave;o đ&oacute;, bạn c&ograve;n được tặng 50% gi&aacute; g&oacute;i Bảo h&agrave;nh V&agrave;ng: V&agrave;o nước, rơi vỡ&hellip; vẫn được đổi m&aacute;y mới trị gi&aacute; 360.000 đồng.</p>\r\n\r\n<p>Ngo&agrave;i ra, để bạn c&oacute; thể thoải m&aacute;i chọn mua sản phẩm m&agrave; kh&ocirc;ng qu&aacute; bận t&acirc;m về mức gi&aacute;, &nbsp;c&ograve;n hỗ trợ mua trả g&oacute;p kh&ocirc;ng l&atilde;i suất chỉ với 33% chi ph&iacute; trả trước ban đầu. Như vậy, bạn chỉ cần trả trước 3.990.000 đồng l&agrave; c&oacute; thể sở hữu ngay sản phẩm, số tiền c&ograve;n lại bạn trả dần trong kỳ hạn 6 th&aacute;ng m&agrave; kh&ocirc;ng tốn th&ecirc;m bất cứ khoản l&atilde;i suất n&agrave;o.</p>\r\n\r\n<p>Được biết, Galaxy Tab S2 đ&atilde; c&oacute; mặt tr&ecirc;n to&agrave;n bộ hệ thống cửa h&agrave;ng với ba phi&ecirc;n bản m&agrave;u trắng, đen v&agrave; v&agrave;ng gold.</p>\r\n\r\n<p>T&ugrave;y v&agrave;o sở th&iacute;ch v&agrave; nhu cầu sử dụng, bạn c&oacute; thể chọn 1 trong 2 k&iacute;ch thước&nbsp;<a href=\"http://fptshop.com.vn/may-tinh-bang/samsung-galaxy-tab-s2-8-inch-t715?utm_source=prdantri&amp;utm_medium=prbv&amp;utm_term=KMT&amp;utm_content=KHtabs2&amp;utm_campaign=151021_Tabs2\">8 inch</a>&nbsp;với mức gi&aacute; 11.990.000 đồng v&agrave;&nbsp;<a href=\"http://fptshop.com.vn/may-tinh-bang/samsung-tab-s-97-inch?utm_source=prdantri&amp;utm_medium=prbv&amp;utm_term=KMT&amp;utm_content=KHtabs2&amp;utm_campaign=151021_Tabs2\">9.7 inch</a>&nbsp;với mức gi&aacute; 13.999.000 đồng</p>\r\n\r\n<p>&nbsp;</p>\r\n\r\n<p style=\"text-align:center\"><img src=\"https://bizweb.dktcdn.net/100/027/105/files/3.jpg?v=1446449867123\" /></p>\r\n\r\n<p><strong>Th&ocirc;ng tin th&ecirc;m về sản phẩm</strong></p>\r\n\r\n<p>Samsung Galaxy Tab l&agrave; chiếc m&aacute;y t&iacute;nh bảng Samsung mỏng nhất ở thời điểm hiện tại. Độ mỏng kh&ocirc;ng tưởng chỉ 5,6 mm đ&atilde; mang đến cho người d&ugrave;ng một chiếc sản phẩm ho&agrave;n hảo cả về độ linh hoạt v&agrave; sự tinh tế nhờ c&aacute;c đường n&eacute;t sắc sảo v&agrave; ch&iacute;nh x&aacute;c.</p>\r\n\r\n<p>Sử dụng c&ocirc;ng nghệ Super AMOLED được t&iacute;ch hợp tr&ecirc;n m&agrave;n h&igrave;nh k&iacute;ch thước lớn, Tab S2 cho h&igrave;nh ảnh sống động, ch&acirc;n thực v&agrave; đầy đủ chi tiết với độ ph&acirc;n giải cao.</p>',1);
/*!40000 ALTER TABLE `post` ENABLE KEYS */;
UNLOCK TABLES;

--
-- Table structure for table `product`
--

DROP TABLE IF EXISTS `product`;
/*!40101 SET @saved_cs_client     = @@character_set_client */;
/*!40101 SET character_set_client = utf8 */;
CREATE TABLE `product` (
  `id` int(11) NOT NULL AUTO_INCREMENT,
  `name` varchar(255) COLLATE utf8_unicode_ci NOT NULL,
  `slug` varchar(255) COLLATE utf8_unicode_ci NOT NULL,
  `description` longtext COLLATE utf8_unicode_ci NOT NULL,
  `created_date` datetime NOT NULL,
  `modified_date` datetime NOT NULL,
  `image` varchar(500) COLLATE utf8_unicode_ci NOT NULL,
  `price` double NOT NULL,
  `content` longtext COLLATE utf8_unicode_ci NOT NULL,
  `tag` longtext COLLATE utf8_unicode_ci NOT NULL,
  `status` int(11) NOT NULL,
  `catalogue_id` int(11) NOT NULL,
  `hot` tinyint(1) NOT NULL,
  `price_sale` double NOT NULL,
  PRIMARY KEY (`id`),
  KEY `product_catalogue_id_a39e6c6f_fk_catalogue_id` (`catalogue_id`),
  KEY `product_2dbcba41` (`slug`),
  CONSTRAINT `product_catalogue_id_a39e6c6f_fk_catalogue_id` FOREIGN KEY (`catalogue_id`) REFERENCES `catalogue` (`id`)
) ENGINE=InnoDB AUTO_INCREMENT=11 DEFAULT CHARSET=utf8 COLLATE=utf8_unicode_ci;
/*!40101 SET character_set_client = @saved_cs_client */;

--
-- Dumping data for table `product`
--

LOCK TABLES `product` WRITE;
/*!40000 ALTER TABLE `product` DISABLE KEYS */;
INSERT INTO `product` VALUES (1,'PC HP 251-023l M1R50AA','pc-hp-251-023l-m1r50aa','Bộ vi xử lý Intel® Core i3 4170 (3M Cache, 3.7GHz) Chipset Intel HM87 Bộ nhớ trong 4GB DDR3 VGA Intel HD Ổ cứng 500 GB SATA 7200 rpm','2016-02-18 09:55:27','2016-02-19 01:08:00','products/a-4.jpg',4800000,'<p>M&ocirc; tả sản phẩm:&nbsp;<br />\r\nBộ vi xử l&yacute; Intel&reg; Core i3 4170 (3M Cache, 3.7GHz)&nbsp;<br />\r\nChipset Intel HM87&nbsp;<br />\r\nBộ nhớ trong 4GB DDR3&nbsp;<br />\r\nVGA Intel HD&nbsp;<br />\r\nỔ cứng 500 GB SATA 7200 rpm<br />\r\nKho h&agrave;ng: Đang c&ograve;n h&agrave;ng tại:&nbsp;<br />\r\n* 129+131 L&ecirc; Thanh Nghị - HBT - H&agrave; Nội&nbsp;<br />\r\n* 43 Th&aacute;i H&agrave; - Đống Đa - H&agrave; Nội<br />\r\nBảo h&agrave;nh: 12 Th&aacute;ng&nbsp;<br />\r\nGiao h&agrave;ng:&nbsp;<br />\r\n- Miễn ph&iacute; giao h&agrave;ng (Trong b&aacute;n k&iacute;nh 35 km) cho đơn h&agrave;ng từ 200.000 đ trở l&ecirc;n&nbsp;<br />\r\n- Miễn ph&iacute; giao h&agrave;ng 300 km đối với kh&aacute;ch h&agrave;ng Games Net, Doanh Nghiệp, Dự &Aacute;n&nbsp;<br />\r\n- Nhận giao h&agrave;ng v&agrave; lắp đặt từ 8h00 - 20h30 c&aacute;c ng&agrave;y kể cả ng&agrave;y lễ, thứ 7, CN</p>','',1,2,0,0),(2,'Máy chủ GAME 2582I5A','may-chu-game-2582i5a','Mô tả sản phẩm: Intel Core i3-4160 3.6 GHz / 3MB / HD 4400 Graphics / Socket 1150 (Haswell refresh), Intel H81, RAM 2GB, HDD 500GB, 500W. Kho hàng: Đang còn hàng','2016-02-19 03:20:45','2016-02-19 03:20:45','products/g-3.jpg',12300000,'<p>M&ocirc; tả sản phẩm:&nbsp;<br />\r\nIntel Core i3-4160 3.6 GHz / 3MB / HD 4400 Graphics / Socket 1150 (Haswell refresh), Intel H81, RAM 2GB, HDD 500GB, 500W.<br />\r\nKho h&agrave;ng: Đang c&ograve;n h&agrave;ng tại:&nbsp;<br />\r\n* 129+131 L&ecirc; Thanh Nghị - HBT - H&agrave; Nội&nbsp;<br />\r\n* 43 Th&aacute;i H&agrave; - Đống Đa - H&agrave; Nội<br />\r\nBảo h&agrave;nh: Theo linh kiện&nbsp;<br />\r\nGiao h&agrave;ng:&nbsp;<br />\r\n- Miễn ph&iacute; giao h&agrave;ng (Trong b&aacute;n k&iacute;nh 35 km) cho đơn h&agrave;ng từ 200.000 đ trở l&ecirc;n&nbsp;<br />\r\n- Miễn ph&iacute; giao h&agrave;ng 300 km đối với kh&aacute;ch h&agrave;ng Games Net, Doanh Nghiệp, Dự &Aacute;n&nbsp;<br />\r\n- Nhận giao h&agrave;ng v&agrave; lắp đặt từ 8h00 - 20h30 c&aacute;c ng&agrave;y kể cả ng&agrave;y lễ, thứ 7, CN</p>','',1,2,0,0),(3,'Máy chủ GAME S1200V3RPS','may-chu-game-s1200v3rps','Mô tả sản phẩm: GIẢI PHÁP MÁY CHỦ GAME CHUYÊN NGHIỆP - ỔN ĐỊNH - TIẾT KIỆM - BỀN VỮNG - Bộ vi xử lý CPU Intel DC G3440 3.3G/3M SK1150 Box (Haswell) - Mainboard Server Intel S1200V3RPS chuyên dụng - Bộ nhớ trong DDRam III Kingston ECC 8GB DDR3 Bus 1600Mhz (Support nâng cấp','2016-02-19 03:22:46','2016-02-19 03:22:46','products/g-1.jpg',13300000,'<p>M&ocirc; tả sản phẩm:&nbsp;<br />\r\nGIẢI PH&Aacute;P M&Aacute;Y CHỦ GAME CHUY&Ecirc;N NGHIỆP - ỔN ĐỊNH - TIẾT KIỆM - BỀN VỮNG&nbsp;<br />\r\n- Bộ vi xử l&yacute; CPU Intel DC G3440 3.3G/3M SK1150 Box (Haswell)&nbsp;<br />\r\n- Mainboard Server Intel S1200V3RPS chuy&ecirc;n dụng&nbsp;<br />\r\n- Bộ nhớ trong DDRam III Kingston ECC 8GB DDR3 Bus 1600Mhz (Support n&acirc;ng cấp tối đa 32Gb Ram)&nbsp;<br />\r\n- Dual Gigabit Lan tận dụng tối ưu nhất đường truyền mạng internet / Ph&ograve;ng m&aacute;y&nbsp;<br />\r\n- SSD Kingston SSDNow 120GB x 2 Chiếc&nbsp;<br />\r\n- HDD WD Caviar Black 500GB/7200 x 1 Chiếc&nbsp;<br />\r\n- Vỏ Case Gaming Server ATX&nbsp;<br />\r\n- Nguồn FSP Saga 550W ATX<br />\r\nKho h&agrave;ng: C&ograve;n h&agrave;ng<br />\r\nBảo h&agrave;nh:&nbsp;<br />\r\nGiao h&agrave;ng:&nbsp;<br />\r\n- Miễn ph&iacute; giao h&agrave;ng (Trong b&aacute;n k&iacute;nh 35 km) cho đơn h&agrave;ng từ 200.000 đ trở l&ecirc;n&nbsp;<br />\r\n- Miễn ph&iacute; giao h&agrave;ng 300 km đối với kh&aacute;ch h&agrave;ng Games Net, Doanh Nghiệp, Dự &Aacute;n&nbsp;<br />\r\n- Nhận giao h&agrave;ng v&agrave; lắp đặt từ 8h00 - 20h30 c&aacute;c ng&agrave;y kể cả ng&agrave;y lễ, thứ 7, CN</p>','',1,4,0,0),(4,'PC Dell Vostro 3800ST','pc-dell-vostro-3800st','Mô tả sản phẩm: Bộ vi xử lý Intel Core i7 4790(3.6Ghz/8M Cache) HASWELL Chipset Intel HM81 Bộ nhớ trong 4GB DDR3 16000 VGA Nvidia Geforce GT705M 2GB DDR3 Ổ cứng 500GB 7200rpm Ổ quang DVDRW Kho hàng','2016-02-19 03:25:17','2016-02-19 03:25:17','products/a1.jpg',8400000,'<div class=\"tab-pane active\" id=\"tab-1\">\r\n<div class=\"rte\">\r\n<div id=\"summary_detail\" style=\"box-sizing: border-box; font-family: roboto, sans-serif; font-size: 14px; line-height: 25px;\"><strong>M&ocirc; tả sản phẩm:&nbsp;</strong><br />\r\nBộ vi xử l&yacute; Intel Core i7 4790(3.6Ghz/8M Cache) HASWELL&nbsp;<br />\r\nChipset Intel HM81&nbsp;<br />\r\nBộ nhớ trong 4GB DDR3 16000&nbsp;<br />\r\nVGA Nvidia Geforce GT705M 2GB DDR3&nbsp;<br />\r\nỔ cứng 500GB 7200rpm&nbsp;<br />\r\nỔ quang DVDRW</div>\r\n\r\n<p><strong>Kho h&agrave;ng:&nbsp;</strong><strong>Li&ecirc;n hệ</strong><br />\r\n<strong>Bảo h&agrave;nh:</strong>&nbsp;12 Th&aacute;ng&nbsp;<br />\r\n<strong>Giao h&agrave;ng:</strong>&nbsp;<br />\r\n<span style=\"font-size:15px\">- Miễn ph&iacute; giao h&agrave;ng (Trong b&aacute;n k&iacute;nh 35 km) cho đơn h&agrave;ng từ 200.000 đ trở l&ecirc;n&nbsp;</span><br />\r\n<span style=\"font-size:15px\">- Miễn ph&iacute; giao h&agrave;ng 300 km đối với kh&aacute;ch h&agrave;ng Games Net, Doanh Nghiệp, Dự &Aacute;n&nbsp;</span><br />\r\n<span style=\"font-size:15px\">- Nhận giao h&agrave;ng v&agrave; lắp đặt từ 8h00 - 20h30 c&aacute;c ng&agrave;y kể cả ng&agrave;y lễ, thứ 7, CN</span></p>\r\n</div>\r\n</div>','',1,2,0,0),(5,'Bàn phím không dây Rapoo E2700','ban-phim-khong-day-rapoo-e2700','Bảo hành 12 tháng bằng phiếu bảo hành Sản xuất tại Trung Quốc Thiết kế siêu mỏng Bàn phím chỉ mỏng 5,6mm với lớp khung làm bằng thép bóng không gỉ, một sản phẩm hội tụ yếu tố nhỏ gọn và thời trang. Bàn di chuột và nút phụ Multimedia Không cần thêm chuột','2016-02-19 03:27:02','2016-02-19 03:27:29','products/rapoo-e2700-b-01.jpg',780000,'<div class=\"tab-pane active\" id=\"tab-1\">\r\n<div class=\"rte\">\r\n<p>Bảo h&agrave;nh 12 th&aacute;ng bằng phiếu bảo h&agrave;nh</p>\r\n\r\n<p>Sản xuất tại Trung Quốc</p>\r\n\r\n<p>Thiết kế si&ecirc;u mỏng</p>\r\n\r\n<p>B&agrave;n ph&iacute;m chỉ mỏng 5,6mm với lớp khung l&agrave;m bằng th&eacute;p b&oacute;ng kh&ocirc;ng gỉ, một sản phẩm hội tụ yếu tố nhỏ gọn v&agrave; thời trang.</p>\r\n\r\n<p>B&agrave;n di chuột v&agrave; n&uacute;t phụ Multimedia</p>\r\n\r\n<p>Kh&ocirc;ng cần th&ecirc;m chuột v&igrave; đ&atilde; c&oacute; touchpad (b&agrave;n di chuột) cảm ứng dễ d&agrave;ng. Với c&aacute;c ph&iacute;m tắt gi&uacute;p người d&ugrave;ng điều chỉnh c&aacute;c thao t&aacute;c khi lướt web, nghe nhạc một c&aacute;ch dễ d&agrave;ng th&ocirc;ng qua b&agrave;n ph&iacute;m n&agrave;y.</p>\r\n\r\n<p style=\"text-align:center\"><img src=\"https://bizweb.dktcdn.net/thumb/large/100/004/438/products/rapoo-e2700-b-01.jpg\" /></p>\r\n\r\n<p>C&ocirc;ng nghệ 2.4GHz</p>\r\n\r\n<p>Kết nối kh&ocirc;ng d&acirc;y ổn định với tần số 2.4GHz, phạm vi hoạt động l&ecirc;n đến 10m.</p>\r\n\r\n<p>Y&ecirc;u cầu hệ thống: Windows&reg; XP/Vista/7</p>\r\n\r\n<p>USB port</p>\r\n\r\n<p>K&iacute;ch thước: 82mm * 254mm * 5.8mm</p>\r\n\r\n<p style=\"text-align:center\"><img src=\"https://bizweb.dktcdn.net/thumb/large/100/004/438/products/rapoo-e2700-w-01.jpg\" /></p>\r\n</div>\r\n</div>','',1,4,0,0),(6,'Chuột hồng ngoại Elecom','chuot-hong-ngoai-elecom','Sản phẩm bảo hành trong 12 tháng bằng hình thức Tem phụ Sản xuất tại: Trung Quốc Tần số vô tuyến 2.4 GHz Kết nối: USB Độ phân giải 1000 dpi Số nút: 3 nút Loại pin: pin AA alkali dry cell, AA manganese dry cell, AA nickel-metal hydride','2016-02-19 03:28:45','2016-02-19 03:28:45','products/elecom-m-ir06drbk-01.jpg',209000,'<div class=\"tab-pane active\" id=\"tab-1\">\r\n<div class=\"rte\">\r\n<p>Sản phẩm bảo h&agrave;nh trong 12 th&aacute;ng bằng h&igrave;nh thức Tem phụ</p>\r\n\r\n<p>Sản xuất tại: Trung Quốc</p>\r\n\r\n<p>Tần số v&ocirc; tuyến 2.4 GHz</p>\r\n\r\n<p>Kết nối: USB</p>\r\n\r\n<p>Độ ph&acirc;n giải 1000 dpi</p>\r\n\r\n<p style=\"text-align:center\"><img src=\"https://bizweb.dktcdn.net/100/004/438/products/elecom-m-ir06drbk-01.jpg?v=1437386003753\" /></p>\r\n\r\n<p>Số n&uacute;t: 3 n&uacute;t</p>\r\n\r\n<p>Loại pin: pin AA alkali dry cell, AA manganese dry cell, AA nickel-metal hydride (1.5 Voltage)</p>\r\n\r\n<p>Phạm vi sử dụng: 10 m (3m với mặt tiếp x&uacute;c bằng th&eacute;p hoặc vật liệu từ t&iacute;nh)</p>\r\n\r\n<p>Thời gian hoạt động li&ecirc;n tục 266 giờ / chờ 1041 ng&agrave;y</p>\r\n\r\n<p style=\"text-align:center\"><img src=\"https://bizweb.dktcdn.net/thumb/large/100/004/438/products/elecom-m-ir06drbu-01.jpg\" /></p>\r\n</div>\r\n</div>','',1,4,0,0),(7,'Ổ cứng di động WD Ultra 1TB','o-cung-di-dong-wd-ultra-1tb','Ổ cứng di động WD My Passport Ultra sẽ là bộ đôi hoàn hảo với chiếc laptop nhờ dung lượng lưu trữ lớn và kích thước cực kỳ mỏng gọn. Dữ liệu quan trọng của bạn luôn an toàn nhờ tính năng bảo mật bằng mật khẩu và phần mềm chuyên dụng, trong khi SmartWare hỗ trợ bạn sao','2016-02-19 03:30:22','2016-02-19 03:30:22','products/wd-my-passport-ultra-black-01.jpg',1850000,'<div class=\"tab-pane active\" id=\"tab-1\">\r\n<div class=\"rte\">\r\n<p>Ổ cứng di động WD My Passport Ultra sẽ l&agrave; bộ đ&ocirc;i ho&agrave;n hảo với chiếc laptop nhờ dung lượng lưu trữ lớn v&agrave; k&iacute;ch thước cực kỳ mỏng gọn. Dữ liệu quan trọng của bạn lu&ocirc;n an to&agrave;n nhờ t&iacute;nh năng bảo mật bằng mật khẩu v&agrave; phần mềm chuy&ecirc;n dụng, trong khi SmartWare hỗ trợ bạn sao lưu l&ecirc;n dịch vụ lưu trữ đ&aacute;m m&acirc;y Dropbox. Tương th&iacute;ch với cả USB 3.0 v&agrave; 2.0, WD My Passport Ultra kh&ocirc;ng k&eacute;n m&aacute;y v&agrave; hệ điều h&agrave;nh, thật linh hoạt để bạn mang theo đến bất kỳ đ&acirc;u.</p>\r\n\r\n<p>Kết nối USB 3.0 v&agrave; tương th&iacute;ch với USB 2.0</p>\r\n\r\n<p>WD My Passport Ultra sử dụng giao diện USB 3.0 cho tốc độ truyền dữ liệu gấp 10 lần USB 2.0 th&ocirc;ng thường để bạn l&agrave;m việc thật hiệu quả với lượng dữ liệu lớn. M&aacute;y c&ograve;n ho&agrave;n to&agrave;n tương th&iacute;ch với USB 2.0 để tăng khả năng l&agrave;m việc linh họat với c&aacute;c thiết bị điện tử của bạn. Ngo&agrave;i ra, nhờ cổng kết nối chất lượng cao USB 3.0, bạn ho&agrave;n to&agrave;n c&oacute; thể kết nối với Tivi để dễ d&agrave;ng xem phim, thưởng thức video nhạc v&agrave; h&igrave;nh ảnh c&ugrave;ng gia đ&igrave;nh, bạn b&egrave;.</p>\r\n\r\n<p>Mỏng gọn, đẹp mắt, linh hoạt</p>\r\n\r\n<p>Độ mỏng 1.28cm, WD My Passport Ultra thật nhỏ gọn v&agrave; thuận tiện mang theo b&ecirc;n người. C&aacute;c họa tiết chấm bi được sắp xếp ngay ngắn mang đến hiệu ứng lấp l&aacute;nh đẹp mắt khi c&oacute; &aacute;nh s&aacute;ng chiếu v&agrave;o. Ngo&agrave;i ra, ổ cứng sử dụng năng lượng từ m&aacute;y t&iacute;nh của bạn m&agrave; kh&ocirc;ng cần d&ugrave;ng bất cứ thiết bị sạc n&agrave;o kh&aacute;c, đảm bảo t&iacute;nh năng động v&agrave; linh hoạt để bạn l&agrave;m việc bất cứ đ&acirc;u.</p>\r\n\r\n<p>Phần mềm WD SmartWare đầy tiện &iacute;ch</p>\r\n\r\n<p>Giao diện WD SmartWare độc đ&aacute;o thể hiện sự kết nối giữa ổ cứng v&agrave; m&aacute;y t&iacute;nh, cho bạn biết bao nhi&ecirc;u phần trăm dữ liệu đ&atilde; được sao ch&eacute;p. WD SmartWare tự động scan v&agrave; nhận diện c&aacute;c t&agrave;i liệu c&aacute; nh&acirc;n của bạn bao gồm cả e-mail, chọn tập tin v&agrave; thư mục để sao lưu dữ liệu theo nh&oacute;m. Sau lần backup đầu ti&ecirc;n, c&aacute;c t&agrave;i liệu của bạn sẽ được tự động sao lưu ngay khi c&oacute; thay đổi ở những lần sau.</p>\r\n\r\n<p style=\"text-align:center\"><img src=\"https://bizweb.dktcdn.net/100/004/438/products/wd-my-passport-ultra-black-01.jpg?v=1437382507687\" style=\"height:500px; width:500px\" /></p>\r\n\r\n<p>Số 1 về chất lượng</p>\r\n\r\n<p>Westen Digital hiểu được rằng mọi dữ liệu đều rất quan trọng với cuộc sống v&agrave; c&ocirc;ng việc hằng ng&agrave;y của bạn. V&igrave; vậy việc tạo ra những ổ cứng bền bỉ, khả năng chống sốc tốt với độ tin cậy cao được xem l&agrave; nhiệm vụ v&agrave; sứ mệnh h&agrave;ng đầu của ch&uacute;ng t&ocirc;i. Kh&ocirc;ng dừng lại ở đ&oacute;, c&aacute;c sản phẩm của WD c&ograve;n sở hữu vẻ ngo&agrave;i thời trang, trẻ trung v&agrave; năng động, ph&ugrave; hợp với hầu hết mọi đối tượng sử dụng.</p>\r\n\r\n<p>Ho&agrave;n hảo với Windows 8</p>\r\n\r\n<p>Ứng dụng WD Windows 8 cho bạn dễ d&agrave;ng kh&aacute;m ph&aacute; kho lưu trữ đa phương tiện của bạn ngay tr&ecirc;n ổ cứng My Passport Ultra với hệ điều h&agrave;nh Windows 8 tr&ecirc;n m&aacute;y t&iacute;nh. Kho nội dung số của bạn sẽ được tự động hiển thị v&agrave; sắp xếp dể bạn dễ d&agrave;ng truy xuất v&agrave; quản l&yacute;.</p>\r\n\r\n<p>Si&ecirc;u nhanh với tự động sao lưu trực tuyến</p>\r\n\r\n<p>Ổ cứng di động My Passport Ultra được thiết kế si&ecirc;u gọn nhẹ, sử dụng chip xử l&yacute; th&ocirc;ng minh hơn, n&acirc;ng cao khả năng truy xuất dữ liệu v&agrave; tăng tốc độ truyền tải. T&iacute;nh năng tự động sao lưu h&igrave;nh ảnh, nhạc, phim v&agrave; t&agrave;i liệu tr&ecirc;n ổ cứng hoặc sao lưu trực tiếp l&ecirc;n t&agrave;i khoản Dropbox sẽ đảm bảo dữ liệu của bạn lu&ocirc;n được an to&agrave;n. Bảo mật dữ liệu được lưu bằng mật khẩu ri&ecirc;ng từng ổ cứng. K&iacute;ch thước bỏ t&uacute;i gọn nhẹ cho ph&eacute;p bạn mang theo mọi l&uacute;c mọi nơi.</p>\r\n\r\n<p style=\"text-align:center\"><img src=\"https://bizweb.dktcdn.net/100/004/438/products/wd-my-passport-ultra-blue-01.jpg?v=1437382507727\" style=\"height:500px; width:500px\" /></p>\r\n</div>\r\n</div>','',1,3,0,0),(8,'Zenbook UX305F-FC089H','zenbook-ux305f-fc089h','Asus Zenbook UX305F-FC089H là chiếc Ultrabook siêu mỏng, siêu nhẹ của hãng Asus, máy được sở hữu chip xử lý Intel Core M, Ram 8GB và SSD 128GB. Máy tính xách tay Asus Zenbook UX305F-FC089H có trọng lượng nhẹ chỉ 1.2kg rất dễ dàng cho bạn mang theo khi đi ra ngoài công tác. Máy tính xách','2016-02-19 03:36:44','2016-02-19 03:36:44','products/may-tinh-xach-tay-asus-zenbook-ux305f-fc089h-01.jpg',17990000,'<div class=\"tab-pane active\" id=\"tab-1\">\r\n<div class=\"rte\">\r\n<p>Asus Zenbook UX305F-FC089H l&agrave; chiếc Ultrabook si&ecirc;u mỏng, si&ecirc;u nhẹ của h&atilde;ng Asus, m&aacute;y được sở hữu chip xử l&yacute; Intel Core M, Ram 8GB v&agrave; SSD 128GB.</p>\r\n\r\n<p>M&aacute;y t&iacute;nh x&aacute;ch tay Asus Zenbook UX305F-FC089H c&oacute; trọng lượng nhẹ chỉ 1.2kg rất dễ d&agrave;ng cho bạn mang theo khi đi ra ngo&agrave;i c&ocirc;ng t&aacute;c.</p>\r\n\r\n<p>M&aacute;y t&iacute;nh x&aacute;ch tay Asus Zenbook UX305F-FC089H thiết kế mỏng đẹp, sang trọng.</p>\r\n\r\n<p style=\"text-align:center\"><img src=\"https://bizweb.dktcdn.net/thumb/large/100/004/438/products/may-tinh-xach-tay-asus-zenbook-ux305f-fc089h-01.jpg\" /></p>\r\n\r\n<p>Đặc điểm nổi bật:</p>\r\n\r\n<p>- Thiết kế Zenbook si&ecirc;u mỏng</p>\r\n\r\n<p>- Mang phong c&aacute;ch hiện đại v&agrave; thiết kế c&oacute; t&iacute;nh di chuyển cao</p>\r\n\r\n<p>- Bộ xử l&yacute; tốt</p>\r\n\r\n<p>- Bộ xử l&yacute; Intel Core M, thanh Ram vượt trội với dung lượng 8GB, SSD 128GB</p>\r\n\r\n<p>- M&agrave;n h&igrave;nh laptop 13.3 inch</p>\r\n\r\n<p>- Cho chất lượng hiển thị tốt với độ ph&acirc;n giải Full HD</p>\r\n\r\n<p>- Truyền dữ liệu nhanh ch&oacute;ng với USB 3.0</p>\r\n\r\n<p>- C&aacute;c cổng kết nối: USB, HDMI, khe cắm thẻ thớ, jack cắm tai nghe</p>\r\n\r\n<p style=\"text-align:center\"><img src=\"https://bizweb.dktcdn.net/thumb/large/100/004/438/products/may-tinh-xach-tay-asus-zenbook-ux305f-fc089h-02.jpg\" /></p>\r\n</div>\r\n</div>','',1,2,0,0),(9,'Laptop Lenovo Yoga 3 Pro','laptop-lenovo-yoga-3-pro','Hãng Lenovo vừa tung ra thị trường sản phẩm máy tính xách tay Yoga 3 Pro thuộc phân khúc laptop cao cấp. Người xưa đã có nói \"tiền nào của nấy\", quả thật vậy, laptop Yoga 3 Pro mang cái giá mà hiếm người có thể bỏ ra để sở hữu, nhưng bù lại, máy được tích hợp','2016-02-19 07:09:13','2016-02-19 07:09:13','products/may-tinh-xach-tay-asus-zenbook-ux305f-fc089h-01_vcFRt5z.jpg',31990000,'<div class=\"tab-pane active\" id=\"tab-1\">\r\n<div class=\"rte\">\r\n<p>H&atilde;ng Lenovo vừa tung ra thị trường sản phẩm m&aacute;y t&iacute;nh x&aacute;ch tay Yoga 3 Pro thuộc ph&acirc;n kh&uacute;c laptop cao cấp.</p>\r\n\r\n<p>Người xưa đ&atilde; c&oacute; n&oacute;i &quot;tiền n&agrave;o của nấy&quot;, quả thật vậy, laptop Yoga 3 Pro mang c&aacute;i gi&aacute; m&agrave; hiếm người c&oacute; thể bỏ ra để sở hữu, nhưng b&ugrave; lại, m&aacute;y được t&iacute;ch hợp những tinh hoa c&ocirc;ng nghệ ti&ecirc;n tiến, phần cứng thuộc h&agrave;ng &quot;khủng&quot; v&agrave; thiết kế đẳng cấp si&ecirc;u mỏng, si&ecirc;u nhẹ v&agrave; sang trọng.</p>\r\n\r\n<p style=\"text-align:center\"><img src=\"https://bizweb.dktcdn.net/thumb/large/100/004/438/products/may-tinh-xach-tay-lenovo-yoga-3-pro-01.jpg\" /></p>\r\n\r\n<p>Đặc điểm nổi bật:</p>\r\n\r\n<p>- Chip Intel Core M thế hệ mới</p>\r\n\r\n<p>- Nhanh hơn, nhỏ gọn hơn</p>\r\n\r\n<p>- Laptop 13.3 inch độ ph&acirc;n giải QHD</p>\r\n\r\n<p>- Cảm ứng đa điểm, hiển thị sắc n&eacute;t</p>\r\n\r\n<p>- Thiết kế độc đ&aacute;o, sang trọng</p>\r\n\r\n<p>- Bẻ gập linh hoạt, ph&ugrave; hợp với nhiều tư thế</p>\r\n\r\n<p>- Ổ cứng SSD 256GB</p>\r\n\r\n<p>- Cho tốc độ truy xuất dữ liệu cao v&agrave; nhiều t&iacute;nh năng tiện &iacute;ch</p>\r\n\r\n<p>- M&aacute;y t&iacute;nh RAM 4GB</p>\r\n\r\n<p>- Cho những t&aacute;c vụ đa nhiệm được mượt m&agrave;, trơn tru.</p>\r\n\r\n<p style=\"text-align:center\"><img src=\"https://bizweb.dktcdn.net/thumb/large/100/004/438/products/may-tinh-xach-tay-lenovo-yoga-3-pro-02.jpg\" /></p>\r\n</div>\r\n</div>','',1,10,0,0),(10,'Zenbook UX305F-FC089H','zenbook-ux305f-fc089h','Asus Zenbook UX305F-FC089H là chiếc Ultrabook siêu mỏng, siêu nhẹ của hãng Asus, máy được sở hữu chip xử lý Intel Core M, Ram 8GB và SSD 128GB. Máy tính xách tay Asus Zenbook UX305F-FC089H có trọng lượng nhẹ chỉ 1.2kg rất dễ dàng cho bạn mang theo khi đi ra ngoài công tác. Máy tính xách','2016-02-19 07:10:26','2016-02-19 09:07:28','products/may-tinh-xach-tay-asus-zenbook-ux305f-fc089h-01_kLTImLj.jpg',17990000,'<div class=\"tab-pane active\" id=\"tab-1\">\r\n<div class=\"rte\">\r\n<p>Asus Zenbook UX305F-FC089H l&agrave; chiếc Ultrabook si&ecirc;u mỏng, si&ecirc;u nhẹ của h&atilde;ng Asus, m&aacute;y được sở hữu chip xử l&yacute; Intel Core M, Ram 8GB v&agrave; SSD 128GB.</p>\r\n\r\n<p>M&aacute;y t&iacute;nh x&aacute;ch tay Asus Zenbook UX305F-FC089H c&oacute; trọng lượng nhẹ chỉ 1.2kg rất dễ d&agrave;ng cho bạn mang theo khi đi ra ngo&agrave;i c&ocirc;ng t&aacute;c.</p>\r\n\r\n<p>M&aacute;y t&iacute;nh x&aacute;ch tay Asus Zenbook UX305F-FC089H thiết kế mỏng đẹp, sang trọng.</p>\r\n\r\n<p style=\"text-align:center\"><img src=\"https://bizweb.dktcdn.net/thumb/large/100/004/438/products/may-tinh-xach-tay-asus-zenbook-ux305f-fc089h-01.jpg\" /></p>\r\n\r\n<p>Đặc điểm nổi bật:</p>\r\n\r\n<p>- Thiết kế Zenbook si&ecirc;u mỏng</p>\r\n\r\n<p>- Mang phong c&aacute;ch hiện đại v&agrave; thiết kế c&oacute; t&iacute;nh di chuyển cao</p>\r\n\r\n<p>- Bộ xử l&yacute; tốt</p>\r\n\r\n<p>- Bộ xử l&yacute; Intel Core M, thanh Ram vượt trội với dung lượng 8GB, SSD 128GB</p>\r\n\r\n<p>- M&agrave;n h&igrave;nh laptop 13.3 inch</p>\r\n\r\n<p>- Cho chất lượng hiển thị tốt với độ ph&acirc;n giải Full HD</p>\r\n\r\n<p>- Truyền dữ liệu nhanh ch&oacute;ng với USB 3.0</p>\r\n\r\n<p>- C&aacute;c cổng kết nối: USB, HDMI, khe cắm thẻ thớ, jack cắm tai nghe</p>\r\n\r\n<p style=\"text-align:center\"><img src=\"https://bizweb.dktcdn.net/thumb/large/100/004/438/products/may-tinh-xach-tay-asus-zenbook-ux305f-fc089h-02.jpg\" /></p>\r\n</div>\r\n</div>','',1,10,1,2100000);
/*!40000 ALTER TABLE `product` ENABLE KEYS */;
UNLOCK TABLES;
/*!40103 SET TIME_ZONE=@OLD_TIME_ZONE */;

/*!40101 SET SQL_MODE=@OLD_SQL_MODE */;
/*!40014 SET FOREIGN_KEY_CHECKS=@OLD_FOREIGN_KEY_CHECKS */;
/*!40014 SET UNIQUE_CHECKS=@OLD_UNIQUE_CHECKS */;
/*!40101 SET CHARACTER_SET_CLIENT=@OLD_CHARACTER_SET_CLIENT */;
/*!40101 SET CHARACTER_SET_RESULTS=@OLD_CHARACTER_SET_RESULTS */;
/*!40101 SET COLLATION_CONNECTION=@OLD_COLLATION_CONNECTION */;
/*!40111 SET SQL_NOTES=@OLD_SQL_NOTES */;

-- Dump completed on 2016-02-19 16:38:00
